-- 用户
INSERT INTO "public"."users" ("id", "name", "username", "email", "phone", "password", "status", "company", "profile", "invite_code", "invited_by", "openid", "unionid", "register_channel", "created_at", "updated_at", "deleted_at") VALUES (1, 'dx', 'daixin87', NULL, '13064768490', '$2b$10$eG3wGRFMnJUh4VXO0tI...WzhS9yGmWS6SMBnylOMddiigFseJa2G', 1, '上海智要网络科技有限公司', '一个处女座的产品经理', '40XF1F', NULL, NULL, NULL, 'web', '2025-12-20 16:24:07.975+08', '2025-12-23 12:12:06.261+08', NULL);

-- 角色
INSERT INTO "public"."roles" ("id", "name", "code", "description", "status", "created_at", "updated_at", "deleted_at") VALUES (1, '普通用户', 'user', '普通用户', 1, '2025-12-21 17:39:55.999778+08', '2025-12-21 17:39:55.999778+08', NULL);
INSERT INTO "public"."roles" ("id", "name", "code", "description", "status", "created_at", "updated_at", "deleted_at") VALUES (2, '管理员', 'admin', '管理员', 1, '2025-12-21 17:40:39.357803+08', '2025-12-29 17:53:06+08', NULL);
INSERT INTO "public"."roles" ("id", "name", "code", "description", "status", "created_at", "updated_at", "deleted_at") VALUES (3, '超级管理员', 'super_admin', '拥有系统所有权限的超级管理员角色', 1, '2025-12-31 03:34:57.866+08', '2025-12-31 03:34:57.866+08', NULL);

-- 用户角色
INSERT INTO "public"."user_roles" ("id", "user_id", "role_id", "created_at", "updated_at", "deleted_at") VALUES (1, 1, 1, '2025-12-21 17:56:01.06414+08', '2025-12-21 17:56:01.06414+08', NULL);
INSERT INTO "public"."user_roles" ("id", "user_id", "role_id", "created_at", "updated_at", "deleted_at") VALUES (2, 1, 2, '2025-12-21 17:56:01.06414+08', '2025-12-21 17:56:02.06414+08', NULL);
INSERT INTO "public"."user_roles" ("id", "user_id", "role_id", "created_at", "updated_at", "deleted_at") VALUES (3, 1, 3, '2025-12-31 03:34:57.866+08', '2025-12-31 03:34:57.866+08', NULL);

-- 用户文件加密密钥
INSERT INTO "public"."user_encryptions" ("id", "user_id", "recipient", "encrypted_identity", "encrypted_recovery_key", "created_at", "updated_at") VALUES (1, 1, 'age1jx62jxea8znprsyudzkyamqhj6znts2zx254lk48ry7td3kesqmsxdyxkt', 'YWdlLWVuY3J5cHRpb24ub3JnL3YxCi0+IHNjcnlwdCBqTE5OaXFjVHRpU1JhWWdmR1gwOUJBIDE4CllBbzk1YWR5cXdYUDY1SUpnb3pUaDFXczlINTRQNWE1Q3dnL2taWnhDV00KLS0tIEVUNzRMVHFhK2JjY1BVQzUyWUl3NzRwT0VjUWV6T0ZGVFBzR0RsWTlzSFkKM7+9q5bNTRH940me68z+ujG/h91ZDwKQALBXBievQ1zLz5tLuDiBDO6B9dhm6rOYN2aicU6FdQpkP+88oWXS2cvFiYFPBaTB5ZQ9ychXlHYGhzTLQ1EeYofYTn5MFLMciQhZ7WiqXhleNg==', 'YWdlLWVuY3J5cHRpb24ub3JnL3YxCi0+IHNjcnlwdCBMV3lBeWFDSDQydTVrVEF3YkdXK1ZnIDE4CmtIa2g3aXJrZSthZ2l2QWRCU2hEeW9yMHJRWFZhc1NtZ0pXcDRqZU1Xdm8KLS0tIEJabDUzK0NGeUF1YmpibUlxVkRtaldINm1aM3Y2bVN4cDY0Uk1ycnNMUm8KcyGJWjLvvpDk2LnzLa2ECGBRLFRQUc+gzl6+D5mbBTopI+pyY0Mc3/8cQRPx/c9E32rB9eP3Bq+mxIq784O4s+daE0qpTy3JM3yqgASb3a2eu4uyzq5tFsukyfEEsYzvb9e7gIEUdQKDsQ==', '2025-12-24 23:30:34.655+08', '2025-12-26 07:25:30.704+08');

-- 路由组
INSERT INTO "public"."router_groups" ("id", "name", "description", "sort", "status", "created_at", "updated_at", "deleted_at") VALUES (1, 'dashboard', '工作台路由', 0, 1, '2025-12-21 16:40:47.288706+08', '2025-12-21 16:40:47.288706+08', NULL);
INSERT INTO "public"."router_groups" ("id", "name", "description", "sort", "status", "created_at", "updated_at", "deleted_at") VALUES (2, '公共页面', '公共页面', 0, 1, '2025-12-31 11:08:01.992+08', '2025-12-31 11:08:01.992+08', NULL);
INSERT INTO "public"."router_groups" ("id", "name", "description", "sort", "status", "created_at", "updated_at", "deleted_at") VALUES (3, '管理后台', '管理后台', 0, 1, '2025-12-31 11:08:01.994+08', '2025-12-31 11:08:01.994+08', NULL);
INSERT INTO "public"."router_groups" ("id", "name", "description", "sort", "status", "created_at", "updated_at", "deleted_at") VALUES (4, '用户中心', '用户中心', 0, 1, '2025-12-31 11:08:01.996+08', '2025-12-31 11:08:01.996+08', NULL);
INSERT INTO "public"."router_groups" ("id", "name", "description", "sort", "status", "created_at", "updated_at", "deleted_at") VALUES (5, '落地页', '落地页', 0, 1, '2025-12-31 11:08:01.998+08', '2025-12-31 11:08:01.998+08', NULL);

-- 路由
INSERT INTO "public"."routers" ("id", "name", "title", "description", "path", "is_menu", "parent_id", "icon", "group_id", "sort", "created_at", "updated_at", "deleted_at") VALUES (1, 'dashboard', '工作台', NULL, '/dashboard', 't', NULL, 'lucideIcons.LayoutDashboardIcon', 1, 1, '2025-12-21 16:42:51.121017+08', '2025-12-21 16:42:51.121017+08', NULL);
INSERT INTO "public"."routers" ("id", "name", "title", "description", "path", "is_menu", "parent_id", "icon", "group_id", "sort", "created_at", "updated_at", "deleted_at") VALUES (2, 'cases', '我的案件', NULL, '/dashboard/cases', 't', NULL, 'lucideIcons.FolderIcon', 1, 2, '2025-12-21 16:43:18.090314+08', '2025-12-21 16:43:18.090314+08', NULL);
INSERT INTO "public"."routers" ("id", "name", "title", "description", "path", "is_menu", "parent_id", "icon", "group_id", "sort", "created_at", "updated_at", "deleted_at") VALUES (3, 'caseDetail', '案件详情', NULL, '/dashboard/cases/:id', 'f', NULL, '', 1, 3, '2025-12-21 16:53:24.514531+08', '2025-12-21 16:53:24.514531+08', NULL);
INSERT INTO "public"."routers" ("id", "name", "title", "description", "path", "is_menu", "parent_id", "icon", "group_id", "sort", "created_at", "updated_at", "deleted_at") VALUES (4, 'analysis', '案件分析', NULL, '/dashboard/analysis/agent', 't', NULL, 'lucideIcons.SearchIcon', 1, 4, '2025-12-21 16:56:12.528999+08', '2025-12-21 16:56:12.528999+08', NULL);
INSERT INTO "public"."routers" ("id", "name", "title", "description", "path", "is_menu", "parent_id", "icon", "group_id", "sort", "created_at", "updated_at", "deleted_at") VALUES (5, 'analysisAgentSession', '案件分析会话', NULL, '/dashboard/analysis/agent/:sessionId', 'f', NULL, 'lucideIcons.SearchIcon', 1, 5, '2025-12-21 16:57:34.700435+08', '2025-12-21 16:57:34.700435+08', NULL);
INSERT INTO "public"."routers" ("id", "name", "title", "description", "path", "is_menu", "parent_id", "icon", "group_id", "sort", "created_at", "updated_at", "deleted_at") VALUES (6, 'tools', '办案工具', NULL, '/dashboard/tools', 't', NULL, 'lucideIcons.Wrench', 1, 6, '2025-12-21 16:58:40.353423+08', '2025-12-21 16:58:40.353423+08', NULL);
INSERT INTO "public"."routers" ("id", "name", "title", "description", "path", "is_menu", "parent_id", "icon", "group_id", "sort", "created_at", "updated_at", "deleted_at") VALUES (7, 'diskSpace', '云盘空间', NULL, '/dashboard/disk-space', 't', NULL, 'lucideIcons.Cloudy', 1, 7, '2025-12-21 17:00:22.10699+08', '2025-12-21 17:00:22.10699+08', NULL);
INSERT INTO "public"."routers" ("id", "name", "title", "description", "path", "is_menu", "parent_id", "icon", "group_id", "sort", "created_at", "updated_at", "deleted_at") VALUES (8, 'membership', '会员中心', NULL, '/dashboard/membership', 't', NULL, 'lucideIcons.Crown', 1, 8, '2025-12-21 17:01:29.551359+08', '2025-12-21 17:01:29.551359+08', NULL);
INSERT INTO "public"."routers" ("id", "name", "title", "description", "path", "is_menu", "parent_id", "icon", "group_id", "sort", "created_at", "updated_at", "deleted_at") VALUES (9, 'settings', '账户设置', NULL, '/dashboard/settings', 't', NULL, 'lucideIcons.SettingsIcon', 1, 9, '2025-12-21 17:02:03.852831+08', '2025-12-21 17:02:03.852831+08', NULL);
INSERT INTO "public"."routers" ("id", "name", "title", "description", "path", "is_menu", "parent_id", "icon", "group_id", "sort", "created_at", "updated_at", "deleted_at") VALUES (10, 'buy', '购买会员', NULL, '/dashboard/buy/:id', 'f', NULL, '', 1, 10, '2025-12-21 17:02:55.701647+08', '2025-12-21 17:02:55.701647+08', NULL);
INSERT INTO "public"."routers" ("id", "name", "title", "description", "path", "is_menu", "parent_id", "icon", "group_id", "sort", "created_at", "updated_at", "deleted_at") VALUES (11, 'order', '订单详情', NULL, '/dashboard/order/:id', 'f', NULL, NULL, 1, 11, '2025-12-21 17:04:02.91961+08', '2025-12-21 17:04:02.91961+08', NULL);
INSERT INTO "public"."routers" ("id", "name", "title", "description", "path", "is_menu", "parent_id", "icon", "group_id", "sort", "created_at", "updated_at", "deleted_at") VALUES (12, 'dashboard-analysis', '案件分析', NULL, '/dashboard/analysis', 'f', NULL, NULL, 4, 0, '2025-12-31 11:08:02.004+08', '2025-12-31 11:08:02.004+08', NULL);
INSERT INTO "public"."routers" ("id", "name", "title", "description", "path", "is_menu", "parent_id", "icon", "group_id", "sort", "created_at", "updated_at", "deleted_at") VALUES (13, 'dashboard-membership-invitation', '邀请注册', NULL, '/dashboard/membership/invitation', 'f', NULL, NULL, 4, 0, '2025-12-31 11:08:02.004+08', '2025-12-31 11:08:02.004+08', NULL);
INSERT INTO "public"."routers" ("id", "name", "title", "description", "path", "is_menu", "parent_id", "icon", "group_id", "sort", "created_at", "updated_at", "deleted_at") VALUES (14, 'dashboard-membership-level', '我的会员', NULL, '/dashboard/membership/level', 'f', NULL, NULL, 4, 0, '2025-12-31 11:08:02.004+08', '2025-12-31 11:08:02.004+08', NULL);
INSERT INTO "public"."routers" ("id", "name", "title", "description", "path", "is_menu", "parent_id", "icon", "group_id", "sort", "created_at", "updated_at", "deleted_at") VALUES (15, 'dashboard-membership-order', '我的订单', NULL, '/dashboard/membership/order', 'f', NULL, NULL, 4, 0, '2025-12-31 11:08:02.004+08', '2025-12-31 11:08:02.004+08', NULL);
INSERT INTO "public"."routers" ("id", "name", "title", "description", "path", "is_menu", "parent_id", "icon", "group_id", "sort", "created_at", "updated_at", "deleted_at") VALUES (16, 'dashboard-membership-point', '我的积分', NULL, '/dashboard/membership/point', 'f', NULL, NULL, 4, 0, '2025-12-31 11:08:02.004+08', '2025-12-31 11:08:02.004+08', NULL);
INSERT INTO "public"."routers" ("id", "name", "title", "description", "path", "is_menu", "parent_id", "icon", "group_id", "sort", "created_at", "updated_at", "deleted_at") VALUES (17, 'dashboard-membership-redeem', '兑换会员', NULL, '/dashboard/membership/redeem', 'f', NULL, NULL, 4, 0, '2025-12-31 11:08:02.004+08', '2025-12-31 11:08:02.004+08', NULL);
INSERT INTO "public"."routers" ("id", "name", "title", "description", "path", "is_menu", "parent_id", "icon", "group_id", "sort", "created_at", "updated_at", "deleted_at") VALUES (18, 'dashboard-settings-file-encryption', '文件加密设置', NULL, '/dashboard/settings/file-encryption', 'f', NULL, NULL, 4, 0, '2025-12-31 11:08:02.004+08', '2025-12-31 11:08:02.004+08', NULL);
INSERT INTO "public"."routers" ("id", "name", "title", "description", "path", "is_menu", "parent_id", "icon", "group_id", "sort", "created_at", "updated_at", "deleted_at") VALUES (19, 'dashboard-settings-profile', '个人资料', NULL, '/dashboard/settings/profile', 'f', NULL, NULL, 4, 0, '2025-12-31 11:08:02.004+08', '2025-12-31 11:08:02.004+08', NULL);
INSERT INTO "public"."routers" ("id", "name", "title", "description", "path", "is_menu", "parent_id", "icon", "group_id", "sort", "created_at", "updated_at", "deleted_at") VALUES (20, 'dashboard-settings-security', '安全设置', NULL, '/dashboard/settings/security', 'f', NULL, NULL, 4, 0, '2025-12-31 11:08:02.004+08', '2025-12-31 11:08:02.004+08', NULL);
INSERT INTO "public"."routers" ("id", "name", "title", "description", "path", "is_menu", "parent_id", "icon", "group_id", "sort", "created_at", "updated_at", "deleted_at") VALUES (21, 'dashboard-tools-bank-rate', '银行利率查询', NULL, '/dashboard/tools/bank-rate', 'f', NULL, NULL, 4, 0, '2025-12-31 11:08:02.004+08', '2025-12-31 11:08:02.004+08', NULL);
INSERT INTO "public"."routers" ("id", "name", "title", "description", "path", "is_menu", "parent_id", "icon", "group_id", "sort", "created_at", "updated_at", "deleted_at") VALUES (22, 'dashboard-tools-compensation', '赔偿计算器', NULL, '/dashboard/tools/compensation', 'f', NULL, NULL, 4, 0, '2025-12-31 11:08:02.004+08', '2025-12-31 11:08:02.004+08', NULL);
INSERT INTO "public"."routers" ("id", "name", "title", "description", "path", "is_menu", "parent_id", "icon", "group_id", "sort", "created_at", "updated_at", "deleted_at") VALUES (23, 'dashboard-tools-court-fee', '诉讼费用计算', NULL, '/dashboard/tools/court-fee', 'f', NULL, NULL, 4, 0, '2025-12-31 11:08:02.004+08', '2025-12-31 11:08:02.004+08', NULL);
INSERT INTO "public"."routers" ("id", "name", "title", "description", "path", "is_menu", "parent_id", "icon", "group_id", "sort", "created_at", "updated_at", "deleted_at") VALUES (24, 'dashboard-tools-date-calculator', '日期推算', NULL, '/dashboard/tools/date-calculator', 'f', NULL, NULL, 4, 0, '2025-12-31 11:08:02.004+08', '2025-12-31 11:08:02.004+08', NULL);
INSERT INTO "public"."routers" ("id", "name", "title", "description", "path", "is_menu", "parent_id", "icon", "group_id", "sort", "created_at", "updated_at", "deleted_at") VALUES (25, 'dashboard-tools-delay-interest', '延迟履行利息', NULL, '/dashboard/tools/delay-interest', 'f', NULL, NULL, 4, 0, '2025-12-31 11:08:02.004+08', '2025-12-31 11:08:02.004+08', NULL);
INSERT INTO "public"."routers" ("id", "name", "title", "description", "path", "is_menu", "parent_id", "icon", "group_id", "sort", "created_at", "updated_at", "deleted_at") VALUES (26, 'dashboard-tools-divorce-property', '离婚财产分割计算器', NULL, '/dashboard/tools/divorce-property', 'f', NULL, NULL, 4, 0, '2025-12-31 11:08:02.004+08', '2025-12-31 11:08:02.004+08', NULL);
INSERT INTO "public"."routers" ("id", "name", "title", "description", "path", "is_menu", "parent_id", "icon", "group_id", "sort", "created_at", "updated_at", "deleted_at") VALUES (27, 'dashboard-tools-interest', '利息计算', NULL, '/dashboard/tools/interest', 'f', NULL, NULL, 4, 0, '2025-12-31 11:08:02.004+08', '2025-12-31 11:08:02.004+08', NULL);
INSERT INTO "public"."routers" ("id", "name", "title", "description", "path", "is_menu", "parent_id", "icon", "group_id", "sort", "created_at", "updated_at", "deleted_at") VALUES (28, 'dashboard-tools-lawyer-fee', '律师费用计算', NULL, '/dashboard/tools/lawyer-fee', 'f', NULL, NULL, 4, 0, '2025-12-31 11:08:02.004+08', '2025-12-31 11:08:02.004+08', NULL);
INSERT INTO "public"."routers" ("id", "name", "title", "description", "path", "is_menu", "parent_id", "icon", "group_id", "sort", "created_at", "updated_at", "deleted_at") VALUES (29, 'dashboard-tools-overtime', '加班费/调休计算器', NULL, '/dashboard/tools/overtime', 'f', NULL, NULL, 4, 0, '2025-12-31 11:08:02.004+08', '2025-12-31 11:08:02.004+08', NULL);
INSERT INTO "public"."routers" ("id", "name", "title", "description", "path", "is_menu", "parent_id", "icon", "group_id", "sort", "created_at", "updated_at", "deleted_at") VALUES (30, 'dashboard-tools-social-insurance', '社保追缴计算器', NULL, '/dashboard/tools/social-insurance', 'f', NULL, NULL, 4, 0, '2025-12-31 11:08:02.004+08', '2025-12-31 11:08:02.004+08', NULL);
INSERT INTO "public"."routers" ("id", "name", "title", "description", "path", "is_menu", "parent_id", "icon", "group_id", "sort", "created_at", "updated_at", "deleted_at") VALUES (31, 'features', '产品功能', NULL, '/features', 'f', NULL, NULL, 2, 0, '2025-12-31 11:08:02.004+08', '2025-12-31 11:08:02.004+08', NULL);
INSERT INTO "public"."routers" ("id", "name", "title", "description", "path", "is_menu", "parent_id", "icon", "group_id", "sort", "created_at", "updated_at", "deleted_at") VALUES (32, 'index', '首页', NULL, '/index', 'f', NULL, NULL, 2, 0, '2025-12-31 11:08:02.004+08', '2025-12-31 11:08:02.004+08', NULL);
INSERT INTO "public"."routers" ("id", "name", "title", "description", "path", "is_menu", "parent_id", "icon", "group_id", "sort", "created_at", "updated_at", "deleted_at") VALUES (33, 'landing-:invitedBy', '邀请注册', NULL, '/landing/:invitedBy', 'f', NULL, NULL, 5, 0, '2025-12-31 11:08:02.004+08', '2025-12-31 11:08:02.004+08', NULL);
INSERT INTO "public"."routers" ("id", "name", "title", "description", "path", "is_menu", "parent_id", "icon", "group_id", "sort", "created_at", "updated_at", "deleted_at") VALUES (34, 'login', '登录', NULL, '/login', 'f', NULL, NULL, 2, 0, '2025-12-31 11:08:02.004+08', '2025-12-31 11:08:02.004+08', NULL);
INSERT INTO "public"."routers" ("id", "name", "title", "description", "path", "is_menu", "parent_id", "icon", "group_id", "sort", "created_at", "updated_at", "deleted_at") VALUES (35, 'pricing', '价格方案', NULL, '/pricing', 'f', NULL, NULL, 2, 0, '2025-12-31 11:08:02.004+08', '2025-12-31 11:08:02.004+08', NULL);
INSERT INTO "public"."routers" ("id", "name", "title", "description", "path", "is_menu", "parent_id", "icon", "group_id", "sort", "created_at", "updated_at", "deleted_at") VALUES (36, 'privacy-agreement', '隐私政策', NULL, '/privacy-agreement', 'f', NULL, NULL, 2, 0, '2025-12-31 11:08:02.004+08', '2025-12-31 11:08:02.004+08', NULL);
INSERT INTO "public"."routers" ("id", "name", "title", "description", "path", "is_menu", "parent_id", "icon", "group_id", "sort", "created_at", "updated_at", "deleted_at") VALUES (37, 'purchase-agreement', '服务购买协议', NULL, '/purchase-agreement', 'f', NULL, NULL, 2, 0, '2025-12-31 11:08:02.004+08', '2025-12-31 11:08:02.004+08', NULL);
INSERT INTO "public"."routers" ("id", "name", "title", "description", "path", "is_menu", "parent_id", "icon", "group_id", "sort", "created_at", "updated_at", "deleted_at") VALUES (38, 'register', '注册', NULL, '/register', 'f', NULL, NULL, 2, 0, '2025-12-31 11:08:02.004+08', '2025-12-31 11:08:02.004+08', NULL);
INSERT INTO "public"."routers" ("id", "name", "title", "description", "path", "is_menu", "parent_id", "icon", "group_id", "sort", "created_at", "updated_at", "deleted_at") VALUES (39, 'reset-password', '重置密码', NULL, '/reset-password', 'f', NULL, NULL, 2, 0, '2025-12-31 11:08:02.004+08', '2025-12-31 11:08:02.004+08', NULL);
INSERT INTO "public"."routers" ("id", "name", "title", "description", "path", "is_menu", "parent_id", "icon", "group_id", "sort", "created_at", "updated_at", "deleted_at") VALUES (40, 'terms-of-use', '使用条款', NULL, '/terms-of-use', 'f', NULL, NULL, 2, 0, '2025-12-31 11:08:02.004+08', '2025-12-31 11:08:02.004+08', NULL);
INSERT INTO "public"."routers" ("id", "name", "title", "description", "path", "is_menu", "parent_id", "icon", "group_id", "sort", "created_at", "updated_at", "deleted_at") VALUES (41, '403', '无权限访问', NULL, '/403', 'f', NULL, NULL, 2, 0, '2025-12-31 11:08:17.298+08', '2025-12-31 11:08:17.298+08', NULL);
INSERT INTO "public"."routers" ("id", "name", "title", "description", "path", "is_menu", "parent_id", "icon", "group_id", "sort", "created_at", "updated_at", "deleted_at") VALUES (42, 'about', '关于我们', NULL, '/about', 'f', NULL, NULL, 2, 0, '2025-12-31 11:08:17.298+08', '2025-12-31 11:08:17.298+08', NULL);
INSERT INTO "public"."routers" ("id", "name", "title", "description", "path", "is_menu", "parent_id", "icon", "group_id", "sort", "created_at", "updated_at", "deleted_at") VALUES (43, 'admin', '管理后台', NULL, '/admin', 'f', NULL, NULL, 3, 0, '2025-12-31 11:08:17.298+08', '2025-12-31 11:08:17.298+08', NULL);
INSERT INTO "public"."routers" ("id", "name", "title", "description", "path", "is_menu", "parent_id", "icon", "group_id", "sort", "created_at", "updated_at", "deleted_at") VALUES (44, 'admin-audit', '审计日志', NULL, '/admin/audit', 'f', NULL, NULL, 3, 0, '2025-12-31 11:08:17.298+08', '2025-12-31 11:08:17.298+08', NULL);
INSERT INTO "public"."routers" ("id", "name", "title", "description", "path", "is_menu", "parent_id", "icon", "group_id", "sort", "created_at", "updated_at", "deleted_at") VALUES (45, 'admin-permissions-api', 'API 权限管理', NULL, '/admin/permissions/api', 'f', NULL, NULL, 3, 0, '2025-12-31 11:08:17.298+08', '2025-12-31 11:08:17.298+08', NULL);
INSERT INTO "public"."routers" ("id", "name", "title", "description", "path", "is_menu", "parent_id", "icon", "group_id", "sort", "created_at", "updated_at", "deleted_at") VALUES (46, 'admin-permissions-routes', '路由权限管理', NULL, '/admin/permissions/routes', 'f', NULL, NULL, 3, 0, '2025-12-31 11:08:17.298+08', '2025-12-31 11:08:17.298+08', NULL);
INSERT INTO "public"."routers" ("id", "name", "title", "description", "path", "is_menu", "parent_id", "icon", "group_id", "sort", "created_at", "updated_at", "deleted_at") VALUES (47, 'admin-roles', '角色管理', NULL, '/admin/roles', 'f', NULL, NULL, 3, 0, '2025-12-31 11:08:17.298+08', '2025-12-31 11:08:17.298+08', NULL);
INSERT INTO "public"."routers" ("id", "name", "title", "description", "path", "is_menu", "parent_id", "icon", "group_id", "sort", "created_at", "updated_at", "deleted_at") VALUES (48, 'admin-roles-:id', '权限分配', NULL, '/admin/roles/:id', 'f', NULL, NULL, 3, 0, '2025-12-31 11:08:17.298+08', '2025-12-31 11:08:17.298+08', NULL);
INSERT INTO "public"."routers" ("id", "name", "title", "description", "path", "is_menu", "parent_id", "icon", "group_id", "sort", "created_at", "updated_at", "deleted_at") VALUES (49, 'admin-roles-:id-permissions', '权限分配', NULL, '/admin/roles/:id/permissions', 'f', NULL, NULL, 3, 0, '2025-12-31 11:08:17.298+08', '2025-12-31 11:08:17.298+08', NULL);
INSERT INTO "public"."routers" ("id", "name", "title", "description", "path", "is_menu", "parent_id", "icon", "group_id", "sort", "created_at", "updated_at", "deleted_at") VALUES (50, 'admin-roles-create', '创建角色', NULL, '/admin/roles/create', 'f', NULL, NULL, 3, 0, '2025-12-31 11:08:17.298+08', '2025-12-31 11:08:17.298+08', NULL);
INSERT INTO "public"."routers" ("id", "name", "title", "description", "path", "is_menu", "parent_id", "icon", "group_id", "sort", "created_at", "updated_at", "deleted_at") VALUES (51, 'admin-users', '用户角色管理', NULL, '/admin/users', 'f', NULL, NULL, 3, 0, '2025-12-31 11:08:17.298+08', '2025-12-31 11:08:17.298+08', NULL);

-- 角色路由
INSERT INTO "public"."role_routers" ("id", "role_id", "router_id", "created_at", "updated_at", "deleted_at") VALUES (1, 1, 1, '2025-12-31 09:53:05.425+08', '2025-12-31 09:53:05.425+08', NULL);
INSERT INTO "public"."role_routers" ("id", "role_id", "router_id", "created_at", "updated_at", "deleted_at") VALUES (2, 1, 2, '2025-12-31 09:53:05.425+08', '2025-12-31 09:53:05.425+08', NULL);
INSERT INTO "public"."role_routers" ("id", "role_id", "router_id", "created_at", "updated_at", "deleted_at") VALUES (3, 1, 3, '2025-12-31 09:53:05.425+08', '2025-12-31 09:53:05.425+08', NULL);
INSERT INTO "public"."role_routers" ("id", "role_id", "router_id", "created_at", "updated_at", "deleted_at") VALUES (4, 1, 4, '2025-12-31 09:53:05.425+08', '2025-12-31 09:53:05.425+08', NULL);
INSERT INTO "public"."role_routers" ("id", "role_id", "router_id", "created_at", "updated_at", "deleted_at") VALUES (5, 1, 5, '2025-12-31 09:53:05.425+08', '2025-12-31 09:53:05.425+08', NULL);
INSERT INTO "public"."role_routers" ("id", "role_id", "router_id", "created_at", "updated_at", "deleted_at") VALUES (6, 1, 6, '2025-12-31 09:53:05.425+08', '2025-12-31 09:53:05.425+08', NULL);
INSERT INTO "public"."role_routers" ("id", "role_id", "router_id", "created_at", "updated_at", "deleted_at") VALUES (7, 1, 7, '2025-12-31 09:53:05.425+08', '2025-12-31 09:53:05.425+08', NULL);
INSERT INTO "public"."role_routers" ("id", "role_id", "router_id", "created_at", "updated_at", "deleted_at") VALUES (8, 1, 8, '2025-12-31 09:53:05.425+08', '2025-12-31 09:53:05.425+08', NULL);
INSERT INTO "public"."role_routers" ("id", "role_id", "router_id", "created_at", "updated_at", "deleted_at") VALUES (9, 1, 9, '2025-12-31 09:53:05.425+08', '2025-12-31 09:53:05.425+08', NULL);
INSERT INTO "public"."role_routers" ("id", "role_id", "router_id", "created_at", "updated_at", "deleted_at") VALUES (10, 1, 10, '2025-12-31 09:53:05.425+08', '2025-12-31 09:53:05.425+08', NULL);
INSERT INTO "public"."role_routers" ("id", "role_id", "router_id", "created_at", "updated_at", "deleted_at") VALUES (11, 1, 11, '2025-12-31 09:53:05.425+08', '2025-12-31 09:53:05.425+08', NULL);
INSERT INTO "public"."role_routers" ("id", "role_id", "router_id", "created_at", "updated_at", "deleted_at") VALUES (12, 2, 1, '2025-12-31 11:10:28.85+08', '2025-12-31 11:10:28.85+08', NULL);
INSERT INTO "public"."role_routers" ("id", "role_id", "router_id", "created_at", "updated_at", "deleted_at") VALUES (13, 2, 2, '2025-12-31 11:10:28.85+08', '2025-12-31 11:10:28.85+08', NULL);
INSERT INTO "public"."role_routers" ("id", "role_id", "router_id", "created_at", "updated_at", "deleted_at") VALUES (14, 2, 3, '2025-12-31 11:10:28.85+08', '2025-12-31 11:10:28.85+08', NULL);
INSERT INTO "public"."role_routers" ("id", "role_id", "router_id", "created_at", "updated_at", "deleted_at") VALUES (15, 2, 4, '2025-12-31 11:10:28.85+08', '2025-12-31 11:10:28.85+08', NULL);
INSERT INTO "public"."role_routers" ("id", "role_id", "router_id", "created_at", "updated_at", "deleted_at") VALUES (16, 2, 5, '2025-12-31 11:10:28.85+08', '2025-12-31 11:10:28.85+08', NULL);
INSERT INTO "public"."role_routers" ("id", "role_id", "router_id", "created_at", "updated_at", "deleted_at") VALUES (17, 2, 6, '2025-12-31 11:10:28.85+08', '2025-12-31 11:10:28.85+08', NULL);
INSERT INTO "public"."role_routers" ("id", "role_id", "router_id", "created_at", "updated_at", "deleted_at") VALUES (18, 2, 7, '2025-12-31 11:10:28.85+08', '2025-12-31 11:10:28.85+08', NULL);
INSERT INTO "public"."role_routers" ("id", "role_id", "router_id", "created_at", "updated_at", "deleted_at") VALUES (19, 2, 8, '2025-12-31 11:10:28.85+08', '2025-12-31 11:10:28.85+08', NULL);
INSERT INTO "public"."role_routers" ("id", "role_id", "router_id", "created_at", "updated_at", "deleted_at") VALUES (20, 2, 9, '2025-12-31 11:10:28.85+08', '2025-12-31 11:10:28.85+08', NULL);
INSERT INTO "public"."role_routers" ("id", "role_id", "router_id", "created_at", "updated_at", "deleted_at") VALUES (21, 2, 10, '2025-12-31 11:10:28.85+08', '2025-12-31 11:10:28.85+08', NULL);
INSERT INTO "public"."role_routers" ("id", "role_id", "router_id", "created_at", "updated_at", "deleted_at") VALUES (22, 2, 11, '2025-12-31 11:10:28.85+08', '2025-12-31 11:10:28.85+08', NULL);
INSERT INTO "public"."role_routers" ("id", "role_id", "router_id", "created_at", "updated_at", "deleted_at") VALUES (23, 2, 31, '2025-12-31 11:10:28.85+08', '2025-12-31 11:10:28.85+08', NULL);
INSERT INTO "public"."role_routers" ("id", "role_id", "router_id", "created_at", "updated_at", "deleted_at") VALUES (24, 2, 32, '2025-12-31 11:10:28.85+08', '2025-12-31 11:10:28.85+08', NULL);
INSERT INTO "public"."role_routers" ("id", "role_id", "router_id", "created_at", "updated_at", "deleted_at") VALUES (25, 2, 34, '2025-12-31 11:10:28.85+08', '2025-12-31 11:10:28.85+08', NULL);
INSERT INTO "public"."role_routers" ("id", "role_id", "router_id", "created_at", "updated_at", "deleted_at") VALUES (26, 2, 35, '2025-12-31 11:10:28.85+08', '2025-12-31 11:10:28.85+08', NULL);
INSERT INTO "public"."role_routers" ("id", "role_id", "router_id", "created_at", "updated_at", "deleted_at") VALUES (27, 2, 36, '2025-12-31 11:10:28.85+08', '2025-12-31 11:10:28.85+08', NULL);
INSERT INTO "public"."role_routers" ("id", "role_id", "router_id", "created_at", "updated_at", "deleted_at") VALUES (28, 2, 37, '2025-12-31 11:10:28.85+08', '2025-12-31 11:10:28.85+08', NULL);
INSERT INTO "public"."role_routers" ("id", "role_id", "router_id", "created_at", "updated_at", "deleted_at") VALUES (29, 2, 38, '2025-12-31 11:10:28.85+08', '2025-12-31 11:10:28.85+08', NULL);
INSERT INTO "public"."role_routers" ("id", "role_id", "router_id", "created_at", "updated_at", "deleted_at") VALUES (30, 2, 39, '2025-12-31 11:10:28.85+08', '2025-12-31 11:10:28.85+08', NULL);
INSERT INTO "public"."role_routers" ("id", "role_id", "router_id", "created_at", "updated_at", "deleted_at") VALUES (33, 2, 40, '2025-12-31 11:10:28.85+08', '2025-12-31 11:10:28.85+08', NULL);
INSERT INTO "public"."role_routers" ("id", "role_id", "router_id", "created_at", "updated_at", "deleted_at") VALUES (34, 2, 41, '2025-12-31 11:10:28.85+08', '2025-12-31 11:10:28.85+08', NULL);
INSERT INTO "public"."role_routers" ("id", "role_id", "router_id", "created_at", "updated_at", "deleted_at") VALUES (35, 2, 42, '2025-12-31 11:10:28.85+08', '2025-12-31 11:10:28.85+08', NULL);
INSERT INTO "public"."role_routers" ("id", "role_id", "router_id", "created_at", "updated_at", "deleted_at") VALUES (36, 2, 43, '2025-12-31 11:10:28.85+08', '2025-12-31 11:10:28.85+08', NULL);
INSERT INTO "public"."role_routers" ("id", "role_id", "router_id", "created_at", "updated_at", "deleted_at") VALUES (37, 2, 12, '2025-12-31 11:10:28.85+08', '2025-12-31 11:10:28.85+08', NULL);
INSERT INTO "public"."role_routers" ("id", "role_id", "router_id", "created_at", "updated_at", "deleted_at") VALUES (38, 2, 13, '2025-12-31 11:10:28.85+08', '2025-12-31 11:10:28.85+08', NULL);
INSERT INTO "public"."role_routers" ("id", "role_id", "router_id", "created_at", "updated_at", "deleted_at") VALUES (39, 2, 14, '2025-12-31 11:10:28.85+08', '2025-12-31 11:10:28.85+08', NULL);
INSERT INTO "public"."role_routers" ("id", "role_id", "router_id", "created_at", "updated_at", "deleted_at") VALUES (40, 2, 15, '2025-12-31 11:10:28.85+08', '2025-12-31 11:10:28.85+08', NULL);
INSERT INTO "public"."role_routers" ("id", "role_id", "router_id", "created_at", "updated_at", "deleted_at") VALUES (41, 2, 16, '2025-12-31 11:10:28.85+08', '2025-12-31 11:10:28.85+08', NULL);
INSERT INTO "public"."role_routers" ("id", "role_id", "router_id", "created_at", "updated_at", "deleted_at") VALUES (42, 2, 17, '2025-12-31 11:10:28.85+08', '2025-12-31 11:10:28.85+08', NULL);
INSERT INTO "public"."role_routers" ("id", "role_id", "router_id", "created_at", "updated_at", "deleted_at") VALUES (43, 2, 18, '2025-12-31 11:10:28.85+08', '2025-12-31 11:10:28.85+08', NULL);
INSERT INTO "public"."role_routers" ("id", "role_id", "router_id", "created_at", "updated_at", "deleted_at") VALUES (44, 2, 19, '2025-12-31 11:10:28.85+08', '2025-12-31 11:10:28.85+08', NULL);
INSERT INTO "public"."role_routers" ("id", "role_id", "router_id", "created_at", "updated_at", "deleted_at") VALUES (45, 2, 20, '2025-12-31 11:10:28.85+08', '2025-12-31 11:10:28.85+08', NULL);
INSERT INTO "public"."role_routers" ("id", "role_id", "router_id", "created_at", "updated_at", "deleted_at") VALUES (46, 2, 21, '2025-12-31 11:10:28.85+08', '2025-12-31 11:10:28.85+08', NULL);
INSERT INTO "public"."role_routers" ("id", "role_id", "router_id", "created_at", "updated_at", "deleted_at") VALUES (47, 2, 22, '2025-12-31 11:10:28.85+08', '2025-12-31 11:10:28.85+08', NULL);
INSERT INTO "public"."role_routers" ("id", "role_id", "router_id", "created_at", "updated_at", "deleted_at") VALUES (48, 2, 23, '2025-12-31 11:10:28.85+08', '2025-12-31 11:10:28.85+08', NULL);
INSERT INTO "public"."role_routers" ("id", "role_id", "router_id", "created_at", "updated_at", "deleted_at") VALUES (49, 2, 24, '2025-12-31 11:10:28.85+08', '2025-12-31 11:10:28.85+08', NULL);
INSERT INTO "public"."role_routers" ("id", "role_id", "router_id", "created_at", "updated_at", "deleted_at") VALUES (50, 2, 25, '2025-12-31 11:10:28.85+08', '2025-12-31 11:10:28.85+08', NULL);
INSERT INTO "public"."role_routers" ("id", "role_id", "router_id", "created_at", "updated_at", "deleted_at") VALUES (51, 2, 26, '2025-12-31 11:10:28.85+08', '2025-12-31 11:10:28.85+08', NULL);
INSERT INTO "public"."role_routers" ("id", "role_id", "router_id", "created_at", "updated_at", "deleted_at") VALUES (52, 2, 27, '2025-12-31 11:10:28.85+08', '2025-12-31 11:10:28.85+08', NULL);
INSERT INTO "public"."role_routers" ("id", "role_id", "router_id", "created_at", "updated_at", "deleted_at") VALUES (53, 2, 28, '2025-12-31 11:10:28.85+08', '2025-12-31 11:10:28.85+08', NULL);
INSERT INTO "public"."role_routers" ("id", "role_id", "router_id", "created_at", "updated_at", "deleted_at") VALUES (54, 2, 29, '2025-12-31 11:10:28.85+08', '2025-12-31 11:10:28.85+08', NULL);
INSERT INTO "public"."role_routers" ("id", "role_id", "router_id", "created_at", "updated_at", "deleted_at") VALUES (55, 2, 30, '2025-12-31 11:10:28.85+08', '2025-12-31 11:10:28.85+08', NULL);
INSERT INTO "public"."role_routers" ("id", "role_id", "router_id", "created_at", "updated_at", "deleted_at") VALUES (56, 2, 33, '2025-12-31 11:10:28.85+08', '2025-12-31 11:10:28.85+08', NULL);

-- 会员级别
INSERT INTO "public"."membership_levels" ("id", "name", "description", "sort_order", "status", "created_at", "updated_at", "deleted_at") VALUES (1, '基础版', '基础功能，包含案情分析和摘要生成。', 1, 1, '2025-12-27 19:01:37.905382+08', '2025-12-27 19:01:37.905382+08', NULL);
INSERT INTO "public"."membership_levels" ("id", "name", "description", "sort_order", "status", "created_at", "updated_at", "deleted_at") VALUES (2, '专业版', '专业功能，包含全部分析模块。', 2, 1, '2025-12-27 19:01:53.319585+08', '2025-12-27 19:01:53.319585+08', NULL);
INSERT INTO "public"."membership_levels" ("id", "name", "description", "sort_order", "status", "created_at", "updated_at", "deleted_at") VALUES (3, '旗舰版', '旗舰功能，包含全平台所有功能和优先支持', 3, 1, '2025-12-27 19:02:03.483646+08', '2025-12-27 19:02:03.483646+08', NULL);

-- 产品表
INSERT INTO "public"."products" ("id", "name", "type", "level_id", "price_monthly", "price_yearly", "gift_point", "unit_price", "point_amount", "purchase_limit", "status", "sort_order", "created_at", "updated_at", "deleted_at", "category", "default_duration", "description", "max_quantity", "min_quantity", "original_price_monthly", "original_price_yearly", "original_unit_price") VALUES (1, '基础版会员', 1, 1, '69.00', '365.00', 3650, NULL, NULL, 0, 1, 2, '2025-12-28 20:06:43.93889+08', '2025-12-28 20:06:43.93889+08', NULL, 'membership', 2, '基础功能，包含案情分析和摘要生成', NULL, 1, '138.00', '780.00', NULL);
INSERT INTO "public"."products" ("id", "name", "type", "level_id", "price_monthly", "price_yearly", "gift_point", "unit_price", "point_amount", "purchase_limit", "status", "sort_order", "created_at", "updated_at", "deleted_at", "category", "default_duration", "description", "max_quantity", "min_quantity", "original_price_monthly", "original_price_yearly", "original_unit_price") VALUES (2, '专业版会员', 1, 2, '149.00', '680.00', 6800, NULL, NULL, 0, 1, 3, '2025-12-28 20:07:43.140882+08', '2025-12-28 20:07:43.140882+08', NULL, 'membership', 2, '专业功能，包含全部分析模块', NULL, 1, '298.00', '1280.00', NULL);
INSERT INTO "public"."products" ("id", "name", "type", "level_id", "price_monthly", "price_yearly", "gift_point", "unit_price", "point_amount", "purchase_limit", "status", "sort_order", "created_at", "updated_at", "deleted_at", "category", "default_duration", "description", "max_quantity", "min_quantity", "original_price_monthly", "original_price_yearly", "original_unit_price") VALUES (3, '旗舰版会员', 1, 3, '299.00', '1280.00', 12800, NULL, NULL, 0, 1, 4, '2025-12-28 20:08:08.908349+08', '2025-12-28 20:08:08.908349+08', NULL, 'membership', 2, '企业级功能，包含所有功能和优先支持', NULL, 1, '598.00', '2480.00', NULL);
INSERT INTO "public"."products" ("id", "name", "type", "level_id", "price_monthly", "price_yearly", "gift_point", "unit_price", "point_amount", "purchase_limit", "status", "sort_order", "created_at", "updated_at", "deleted_at", "category", "default_duration", "description", "max_quantity", "min_quantity", "original_price_monthly", "original_price_yearly", "original_unit_price") VALUES (4, '300积分包', 2, NULL, NULL, NULL, NULL, '30.00', 300, 0, 1, 1, '2025-12-28 20:10:57.202459+08', '2025-12-28 20:10:57.202459+08', NULL, 'points', NULL, 'LexSeek 300积分包', 100, 1, NULL, NULL, '30.00');
INSERT INTO "public"."products" ("id", "name", "type", "level_id", "price_monthly", "price_yearly", "gift_point", "unit_price", "point_amount", "purchase_limit", "status", "sort_order", "created_at", "updated_at", "deleted_at", "category", "default_duration", "description", "max_quantity", "min_quantity", "original_price_monthly", "original_price_yearly", "original_unit_price") VALUES (5, '500积分包', 2, NULL, NULL, NULL, NULL, '50.00', 500, 0, 1, 2, '2025-12-28 20:11:02.873738+08', '2025-12-28 20:11:02.873738+08', NULL, 'points', NULL, 'LexSeek 500积分包', 100, 1, NULL, NULL, '50.00');
INSERT INTO "public"."products" ("id", "name", "type", "level_id", "price_monthly", "price_yearly", "gift_point", "unit_price", "point_amount", "purchase_limit", "status", "sort_order", "created_at", "updated_at", "deleted_at", "category", "default_duration", "description", "max_quantity", "min_quantity", "original_price_monthly", "original_price_yearly", "original_unit_price") VALUES (6, '1000积分包', 2, NULL, NULL, NULL, NULL, '95.00', 1000, 0, 1, 3, '2025-12-28 20:15:14.196838+08', '2025-12-28 20:15:14.196838+08', NULL, 'points', NULL, 'LexSeek 1000积分包', 100, 1, NULL, NULL, '100.00');
INSERT INTO "public"."products" ("id", "name", "type", "level_id", "price_monthly", "price_yearly", "gift_point", "unit_price", "point_amount", "purchase_limit", "status", "sort_order", "created_at", "updated_at", "deleted_at", "category", "default_duration", "description", "max_quantity", "min_quantity", "original_price_monthly", "original_price_yearly", "original_unit_price") VALUES (7, '1500积分包', 2, NULL, NULL, NULL, NULL, '142.00', 1500, 0, 1, 4, '2025-12-28 20:15:14.200307+08', '2025-12-28 20:15:14.200307+08', NULL, 'points', NULL, 'LexSeek 1500积分包', 100, 1, NULL, NULL, '150.00');
INSERT INTO "public"."products" ("id", "name", "type", "level_id", "price_monthly", "price_yearly", "gift_point", "unit_price", "point_amount", "purchase_limit", "status", "sort_order", "created_at", "updated_at", "deleted_at", "category", "default_duration", "description", "max_quantity", "min_quantity", "original_price_monthly", "original_price_yearly", "original_unit_price") VALUES (8, '2000积分包', 2, NULL, NULL, NULL, NULL, '190.00', 2000, 0, 1, 5, '2025-12-28 20:15:14.20262+08', '2025-12-28 20:15:14.20262+08', NULL, 'points', NULL, 'LexSeek 2000积分包', 100, 1, NULL, NULL, '200.00');
INSERT INTO "public"."products" ("id", "name", "type", "level_id", "price_monthly", "price_yearly", "gift_point", "unit_price", "point_amount", "purchase_limit", "status", "sort_order", "created_at", "updated_at", "deleted_at", "category", "default_duration", "description", "max_quantity", "min_quantity", "original_price_monthly", "original_price_yearly", "original_unit_price") VALUES (9, '3000积分包', 2, NULL, NULL, NULL, NULL, '270.00', 3000, 0, 1, 6, '2025-12-28 20:15:14.205527+08', '2025-12-28 20:15:14.205527+08', NULL, 'points', NULL, 'LexSeek 3000积分包', 100, 1, NULL, NULL, '300.00');
INSERT INTO "public"."products" ("id", "name", "type", "level_id", "price_monthly", "price_yearly", "gift_point", "unit_price", "point_amount", "purchase_limit", "status", "sort_order", "created_at", "updated_at", "deleted_at", "category", "default_duration", "description", "max_quantity", "min_quantity", "original_price_monthly", "original_price_yearly", "original_unit_price") VALUES (10, '新手旗舰套餐', 1, 3, '9.90', '1280.00', 300, NULL, NULL, 1, 1, 1, '2025-12-28 20:15:14.208029+08', '2025-12-28 20:15:14.208029+08', NULL, 'membership', 1, '旗舰版会员，限购 1 次', 1, 1, '598.00', '2480.00', NULL);

-- 营销活动表
INSERT INTO "public"."campaigns" ("id", "name", "type", "level_id", "duration", "gift_point", "start_at", "end_at", "status", "remark", "created_at", "updated_at", "deleted_at") VALUES (1, '注册新手礼包', 1, 3, 7, 300, '2025-12-28 02:59:48+08', '2099-12-28 02:59:51+08', 1, '新用户注册赠送会员和积分', '2025-12-28 03:00:26+08', '2025-12-28 03:00:29+08', NULL);
INSERT INTO "public"."campaigns" ("id", "name", "type", "level_id", "duration", "gift_point", "start_at", "end_at", "status", "remark", "created_at", "updated_at", "deleted_at") VALUES (2, '邀请注册奖励', 2, 3, 7, 300, '2025-12-28 03:03:07+08', '2099-12-28 02:59:51+08', 1, '邀请用户注册成功奖励', '2025-12-27 19:03:21.73139+08', '2025-12-27 19:03:21.73139+08', NULL);

-- API 分组
INSERT INTO "public"."api_permission_groups" ("id", "name", "description", "sort", "status", "created_at", "updated_at", "deleted_at") VALUES (1, '认证管理', '用户认证相关接口', 1, 1, '2025-12-31 03:34:57.896+08', '2025-12-31 03:34:57.896+08', NULL);
INSERT INTO "public"."api_permission_groups" ("id", "name", "description", "sort", "status", "created_at", "updated_at", "deleted_at") VALUES (2, '用户管理', '用户信息管理接口', 2, 1, '2025-12-31 03:34:57.904+08', '2025-12-31 03:34:57.904+08', NULL);
INSERT INTO "public"."api_permission_groups" ("id", "name", "description", "sort", "status", "created_at", "updated_at", "deleted_at") VALUES (3, '会员管理', '会员系统相关接口', 3, 1, '2025-12-31 03:34:57.908+08', '2025-12-31 03:34:57.908+08', NULL);
INSERT INTO "public"."api_permission_groups" ("id", "name", "description", "sort", "status", "created_at", "updated_at", "deleted_at") VALUES (4, '支付管理', '支付订单相关接口', 4, 1, '2025-12-31 03:34:57.911+08', '2025-12-31 03:34:57.911+08', NULL);
INSERT INTO "public"."api_permission_groups" ("id", "name", "description", "sort", "status", "created_at", "updated_at", "deleted_at") VALUES (5, '存储管理', '文件存储相关接口', 5, 1, '2025-12-31 03:34:57.914+08', '2025-12-31 03:34:57.914+08', NULL);
INSERT INTO "public"."api_permission_groups" ("id", "name", "description", "sort", "status", "created_at", "updated_at", "deleted_at") VALUES (6, '系统管理', '系统配置相关接口', 6, 1, '2025-12-31 03:34:57.917+08', '2025-12-31 03:34:57.917+08', NULL);