-- 用户
INSERT INTO "public"."users" ("id", "name", "username", "email", "phone", "password", "status", "company", "profile", "invite_code", "invited_by", "openid", "unionid", "register_channel", "created_at", "updated_at", "deleted_at") VALUES (1, 'dx', 'daixin87', NULL, '13064768490', '$2b$10$eG3wGRFMnJUh4VXO0tI...WzhS9yGmWS6SMBnylOMddiigFseJa2G', 1, '上海智要网络科技有限公司', '一个处女座的产品经理', '40XF1F', NULL, NULL, NULL, 'web', '2025-12-20 16:24:07.975+08', '2025-12-23 12:12:06.261+08', NULL);

-- 角色
INSERT INTO "public"."roles" ("id", "name", "code", "description", "status", "created_at", "updated_at", "deleted_at") VALUES (1, '普通用户', 'user', '普通用户', 1, '2025-12-21 17:39:55.999778+08', '2025-12-21 17:39:55.999778+08', NULL);
INSERT INTO "public"."roles" ("id", "name", "code", "description", "status", "created_at", "updated_at", "deleted_at") VALUES (2, '管理员', 'admin', '管理员', 1, '2025-12-21 17:40:39.357803+08', '2025-12-29 17:53:06+08', NULL);
INSERT INTO "public"."roles" ("id", "name", "code", "description", "status", "created_at", "updated_at", "deleted_at") VALUES (3, '超级管理员', 'super_admin', '拥有系统所有权限的超级管理员角色', 1, '2025-12-31 03:34:57.866+08', '2025-12-31 03:34:57.866+08', NULL);

-- 用户角色
INSERT INTO "public"."user_roles" ("id", "user_id", "role_id", "created_at", "updated_at", "deleted_at") VALUES (1, 1, 1, '2025-12-21 17:56:01.06414+08', '2025-12-21 17:56:01.06414+08', NULL);
INSERT INTO "public"."user_roles" ("id", "user_id", "role_id", "created_at", "updated_at", "deleted_at") VALUES (2, 1, 2, '2025-12-21 17:56:01.06414+08', '2025-12-21 17:56:02.06414+08', NULL);
INSERT INTO "public"."user_roles" ("id", "user_id", "role_id", "created_at", "updated_at", "deleted_at") VALUES (3, 1, 3, '2025-12-31 03:34:57.866+08', '2025-12-31 03:34:57.866+08', NULL);

-- 用户文件加密密钥
INSERT INTO "public"."user_encryptions" ("id", "user_id", "recipient", "encrypted_identity", "encrypted_recovery_key", "created_at", "updated_at") VALUES (1, 1, 'age1jx62jxea8znprsyudzkyamqhj6znts2zx254lk48ry7td3kesqmsxdyxkt', 'YWdlLWVuY3J5cHRpb24ub3JnL3YxCi0+IHNjcnlwdCBqTE5OaXFjVHRpU1JhWWdmR1gwOUJBIDE4CllBbzk1YWR5cXdYUDY1SUpnb3pUaDFXczlINTRQNWE1Q3dnL2taWnhDV00KLS0tIEVUNzRMVHFhK2JjY1BVQzUyWUl3NzRwT0VjUWV6T0ZGVFBzR0RsWTlzSFkKM7+9q5bNTRH940me68z+ujG/h91ZDwKQALBXBievQ1zLz5tLuDiBDO6B9dhm6rOYN2aicU6FdQpkP+88oWXS2cvFiYFPBaTB5ZQ9ychXlHYGhzTLQ1EeYofYTn5MFLMciQhZ7WiqXhleNg==', 'YWdlLWVuY3J5cHRpb24ub3JnL3YxCi0+IHNjcnlwdCBMV3lBeWFDSDQydTVrVEF3YkdXK1ZnIDE4CmtIa2g3aXJrZSthZ2l2QWRCU2hEeW9yMHJRWFZhc1NtZ0pXcDRqZU1Xdm8KLS0tIEJabDUzK0NGeUF1YmpibUlxVkRtaldINm1aM3Y2bVN4cDY0Uk1ycnNMUm8KcyGJWjLvvpDk2LnzLa2ECGBRLFRQUc+gzl6+D5mbBTopI+pyY0Mc3/8cQRPx/c9E32rB9eP3Bq+mxIq784O4s+daE0qpTy3JM3yqgASb3a2eu4uyzq5tFsukyfEEsYzvb9e7gIEUdQKDsQ==', '2025-12-24 23:30:34.655+08', '2025-12-26 07:25:30.704+08');

-- 路由组
INSERT INTO "public"."router_groups" ("id", "name", "description", "sort", "status", "created_at", "updated_at", "deleted_at") VALUES (1, 'dashboard', '工作台路由', 0, 1, '2025-12-21 16:40:47.288706+08', '2025-12-21 16:40:47.288706+08', NULL);
INSERT INTO "public"."router_groups" ("id", "name", "description", "sort", "status", "created_at", "updated_at", "deleted_at") VALUES (2, '公共页面', '公共页面', 0, 1, '2025-12-31 11:08:01.992+08', '2025-12-31 11:08:01.992+08', NULL);
INSERT INTO "public"."router_groups" ("id", "name", "description", "sort", "status", "created_at", "updated_at", "deleted_at") VALUES (3, '管理后台', '管理后台', 0, 1, '2025-12-31 11:08:01.994+08', '2025-12-31 11:08:01.994+08', NULL);
INSERT INTO "public"."router_groups" ("id", "name", "description", "sort", "status", "created_at", "updated_at", "deleted_at") VALUES (4, '用户中心', '用户中心', 0, 1, '2025-12-31 11:08:01.996+08', '2025-12-31 11:08:01.996+08', NULL);
INSERT INTO "public"."router_groups" ("id", "name", "description", "sort", "status", "created_at", "updated_at", "deleted_at") VALUES (5, '落地页', '落地页', 0, 1, '2025-12-31 11:08:01.998+08', '2025-12-31 11:08:01.998+08', NULL);

-- 路由
INSERT INTO "public"."routers" ("id", "name", "title", "description", "path", "is_menu", "parent_id", "icon", "group_id", "sort", "created_at", "updated_at", "deleted_at") VALUES (1, 'dashboard', '工作台', NULL, '/dashboard', 't', NULL, 'lucideIcons.LayoutDashboardIcon', 1, 1, '2025-12-21 16:42:51.121017+08', '2025-12-21 16:42:51.121017+08', NULL);
INSERT INTO "public"."routers" ("id", "name", "title", "description", "path", "is_menu", "parent_id", "icon", "group_id", "sort", "created_at", "updated_at", "deleted_at") VALUES (2, 'cases', '我的案件', NULL, '/dashboard/cases', 't', NULL, 'lucideIcons.FolderIcon', 1, 2, '2025-12-21 16:43:18.090314+08', '2025-12-21 16:43:18.090314+08', NULL);
INSERT INTO "public"."routers" ("id", "name", "title", "description", "path", "is_menu", "parent_id", "icon", "group_id", "sort", "created_at", "updated_at", "deleted_at") VALUES (3, 'caseDetail', '案件详情', NULL, '/dashboard/cases/:id', 'f', NULL, '', 1, 3, '2025-12-21 16:53:24.514531+08', '2025-12-21 16:53:24.514531+08', NULL);
INSERT INTO "public"."routers" ("id", "name", "title", "description", "path", "is_menu", "parent_id", "icon", "group_id", "sort", "created_at", "updated_at", "deleted_at") VALUES (4, 'analysis', '案件分析', NULL, '/dashboard/analysis/agent', 't', NULL, 'lucideIcons.SearchIcon', 1, 4, '2025-12-21 16:56:12.528999+08', '2025-12-21 16:56:12.528999+08', NULL);
INSERT INTO "public"."routers" ("id", "name", "title", "description", "path", "is_menu", "parent_id", "icon", "group_id", "sort", "created_at", "updated_at", "deleted_at") VALUES (5, 'analysisAgentSession', '案件分析会话', NULL, '/dashboard/analysis/agent/:sessionId', 'f', NULL, 'lucideIcons.SearchIcon', 1, 5, '2025-12-21 16:57:34.700435+08', '2025-12-21 16:57:34.700435+08', NULL);
INSERT INTO "public"."routers" ("id", "name", "title", "description", "path", "is_menu", "parent_id", "icon", "group_id", "sort", "created_at", "updated_at", "deleted_at") VALUES (6, 'tools', '办案工具', NULL, '/dashboard/tools', 't', NULL, 'lucideIcons.Wrench', 1, 6, '2025-12-21 16:58:40.353423+08', '2025-12-21 16:58:40.353423+08', NULL);
INSERT INTO "public"."routers" ("id", "name", "title", "description", "path", "is_menu", "parent_id", "icon", "group_id", "sort", "created_at", "updated_at", "deleted_at") VALUES (7, 'diskSpace', '云盘空间', NULL, '/dashboard/disk-space', 't', NULL, 'lucideIcons.Cloudy', 1, 7, '2025-12-21 17:00:22.10699+08', '2025-12-21 17:00:22.10699+08', NULL);
INSERT INTO "public"."routers" ("id", "name", "title", "description", "path", "is_menu", "parent_id", "icon", "group_id", "sort", "created_at", "updated_at", "deleted_at") VALUES (8, 'membership', '会员中心', NULL, '/dashboard/membership', 't', NULL, 'lucideIcons.Crown', 1, 8, '2025-12-21 17:01:29.551359+08', '2025-12-21 17:01:29.551359+08', NULL);
INSERT INTO "public"."routers" ("id", "name", "title", "description", "path", "is_menu", "parent_id", "icon", "group_id", "sort", "created_at", "updated_at", "deleted_at") VALUES (9, 'settings', '账户设置', NULL, '/dashboard/settings', 't', NULL, 'lucideIcons.SettingsIcon', 1, 9, '2025-12-21 17:02:03.852831+08', '2025-12-21 17:02:03.852831+08', NULL);
INSERT INTO "public"."routers" ("id", "name", "title", "description", "path", "is_menu", "parent_id", "icon", "group_id", "sort", "created_at", "updated_at", "deleted_at") VALUES (10, 'buy', '购买会员', NULL, '/dashboard/buy/:id', 'f', NULL, '', 1, 10, '2025-12-21 17:02:55.701647+08', '2025-12-21 17:02:55.701647+08', NULL);
INSERT INTO "public"."routers" ("id", "name", "title", "description", "path", "is_menu", "parent_id", "icon", "group_id", "sort", "created_at", "updated_at", "deleted_at") VALUES (11, 'order', '订单详情', NULL, '/dashboard/order/:id', 'f', NULL, NULL, 1, 11, '2025-12-21 17:04:02.91961+08', '2025-12-21 17:04:02.91961+08', NULL);
INSERT INTO "public"."routers" ("id", "name", "title", "description", "path", "is_menu", "parent_id", "icon", "group_id", "sort", "created_at", "updated_at", "deleted_at") VALUES (12, 'dashboard-analysis', '案件分析', NULL, '/dashboard/analysis', 'f', NULL, NULL, 4, 0, '2025-12-31 11:08:02.004+08', '2025-12-31 11:08:02.004+08', NULL);
INSERT INTO "public"."routers" ("id", "name", "title", "description", "path", "is_menu", "parent_id", "icon", "group_id", "sort", "created_at", "updated_at", "deleted_at") VALUES (13, 'dashboard-membership-invitation', '邀请注册', NULL, '/dashboard/membership/invitation', 'f', NULL, NULL, 4, 0, '2025-12-31 11:08:02.004+08', '2025-12-31 11:08:02.004+08', NULL);
INSERT INTO "public"."routers" ("id", "name", "title", "description", "path", "is_menu", "parent_id", "icon", "group_id", "sort", "created_at", "updated_at", "deleted_at") VALUES (14, 'dashboard-membership-level', '我的会员', NULL, '/dashboard/membership/level', 'f', NULL, NULL, 4, 0, '2025-12-31 11:08:02.004+08', '2025-12-31 11:08:02.004+08', NULL);
INSERT INTO "public"."routers" ("id", "name", "title", "description", "path", "is_menu", "parent_id", "icon", "group_id", "sort", "created_at", "updated_at", "deleted_at") VALUES (15, 'dashboard-membership-order', '我的订单', NULL, '/dashboard/membership/order', 'f', NULL, NULL, 4, 0, '2025-12-31 11:08:02.004+08', '2025-12-31 11:08:02.004+08', NULL);
INSERT INTO "public"."routers" ("id", "name", "title", "description", "path", "is_menu", "parent_id", "icon", "group_id", "sort", "created_at", "updated_at", "deleted_at") VALUES (16, 'dashboard-membership-point', '我的积分', NULL, '/dashboard/membership/point', 'f', NULL, NULL, 4, 0, '2025-12-31 11:08:02.004+08', '2025-12-31 11:08:02.004+08', NULL);
INSERT INTO "public"."routers" ("id", "name", "title", "description", "path", "is_menu", "parent_id", "icon", "group_id", "sort", "created_at", "updated_at", "deleted_at") VALUES (17, 'dashboard-membership-redeem', '兑换会员', NULL, '/dashboard/membership/redeem', 'f', NULL, NULL, 4, 0, '2025-12-31 11:08:02.004+08', '2025-12-31 11:08:02.004+08', NULL);
INSERT INTO "public"."routers" ("id", "name", "title", "description", "path", "is_menu", "parent_id", "icon", "group_id", "sort", "created_at", "updated_at", "deleted_at") VALUES (18, 'dashboard-settings-file-encryption', '文件加密设置', NULL, '/dashboard/settings/file-encryption', 'f', NULL, NULL, 4, 0, '2025-12-31 11:08:02.004+08', '2025-12-31 11:08:02.004+08', NULL);
INSERT INTO "public"."routers" ("id", "name", "title", "description", "path", "is_menu", "parent_id", "icon", "group_id", "sort", "created_at", "updated_at", "deleted_at") VALUES (19, 'dashboard-settings-profile', '个人资料', NULL, '/dashboard/settings/profile', 'f', NULL, NULL, 4, 0, '2025-12-31 11:08:02.004+08', '2025-12-31 11:08:02.004+08', NULL);
INSERT INTO "public"."routers" ("id", "name", "title", "description", "path", "is_menu", "parent_id", "icon", "group_id", "sort", "created_at", "updated_at", "deleted_at") VALUES (20, 'dashboard-settings-security', '安全设置', NULL, '/dashboard/settings/security', 'f', NULL, NULL, 4, 0, '2025-12-31 11:08:02.004+08', '2025-12-31 11:08:02.004+08', NULL);
INSERT INTO "public"."routers" ("id", "name", "title", "description", "path", "is_menu", "parent_id", "icon", "group_id", "sort", "created_at", "updated_at", "deleted_at") VALUES (21, 'dashboard-tools-bank-rate', '银行利率查询', NULL, '/dashboard/tools/bank-rate', 'f', NULL, NULL, 4, 0, '2025-12-31 11:08:02.004+08', '2025-12-31 11:08:02.004+08', NULL);
INSERT INTO "public"."routers" ("id", "name", "title", "description", "path", "is_menu", "parent_id", "icon", "group_id", "sort", "created_at", "updated_at", "deleted_at") VALUES (22, 'dashboard-tools-compensation', '赔偿计算器', NULL, '/dashboard/tools/compensation', 'f', NULL, NULL, 4, 0, '2025-12-31 11:08:02.004+08', '2025-12-31 11:08:02.004+08', NULL);
INSERT INTO "public"."routers" ("id", "name", "title", "description", "path", "is_menu", "parent_id", "icon", "group_id", "sort", "created_at", "updated_at", "deleted_at") VALUES (23, 'dashboard-tools-court-fee', '诉讼费用计算', NULL, '/dashboard/tools/court-fee', 'f', NULL, NULL, 4, 0, '2025-12-31 11:08:02.004+08', '2025-12-31 11:08:02.004+08', NULL);
INSERT INTO "public"."routers" ("id", "name", "title", "description", "path", "is_menu", "parent_id", "icon", "group_id", "sort", "created_at", "updated_at", "deleted_at") VALUES (24, 'dashboard-tools-date-calculator', '日期推算', NULL, '/dashboard/tools/date-calculator', 'f', NULL, NULL, 4, 0, '2025-12-31 11:08:02.004+08', '2025-12-31 11:08:02.004+08', NULL);
INSERT INTO "public"."routers" ("id", "name", "title", "description", "path", "is_menu", "parent_id", "icon", "group_id", "sort", "created_at", "updated_at", "deleted_at") VALUES (25, 'dashboard-tools-delay-interest', '延迟履行利息', NULL, '/dashboard/tools/delay-interest', 'f', NULL, NULL, 4, 0, '2025-12-31 11:08:02.004+08', '2025-12-31 11:08:02.004+08', NULL);
INSERT INTO "public"."routers" ("id", "name", "title", "description", "path", "is_menu", "parent_id", "icon", "group_id", "sort", "created_at", "updated_at", "deleted_at") VALUES (26, 'dashboard-tools-divorce-property', '离婚财产分割计算器', NULL, '/dashboard/tools/divorce-property', 'f', NULL, NULL, 4, 0, '2025-12-31 11:08:02.004+08', '2025-12-31 11:08:02.004+08', NULL);
INSERT INTO "public"."routers" ("id", "name", "title", "description", "path", "is_menu", "parent_id", "icon", "group_id", "sort", "created_at", "updated_at", "deleted_at") VALUES (27, 'dashboard-tools-interest', '利息计算', NULL, '/dashboard/tools/interest', 'f', NULL, NULL, 4, 0, '2025-12-31 11:08:02.004+08', '2025-12-31 11:08:02.004+08', NULL);
INSERT INTO "public"."routers" ("id", "name", "title", "description", "path", "is_menu", "parent_id", "icon", "group_id", "sort", "created_at", "updated_at", "deleted_at") VALUES (28, 'dashboard-tools-lawyer-fee', '律师费用计算', NULL, '/dashboard/tools/lawyer-fee', 'f', NULL, NULL, 4, 0, '2025-12-31 11:08:02.004+08', '2025-12-31 11:08:02.004+08', NULL);
INSERT INTO "public"."routers" ("id", "name", "title", "description", "path", "is_menu", "parent_id", "icon", "group_id", "sort", "created_at", "updated_at", "deleted_at") VALUES (29, 'dashboard-tools-overtime', '加班费/调休计算器', NULL, '/dashboard/tools/overtime', 'f', NULL, NULL, 4, 0, '2025-12-31 11:08:02.004+08', '2025-12-31 11:08:02.004+08', NULL);
INSERT INTO "public"."routers" ("id", "name", "title", "description", "path", "is_menu", "parent_id", "icon", "group_id", "sort", "created_at", "updated_at", "deleted_at") VALUES (30, 'dashboard-tools-social-insurance', '社保追缴计算器', NULL, '/dashboard/tools/social-insurance', 'f', NULL, NULL, 4, 0, '2025-12-31 11:08:02.004+08', '2025-12-31 11:08:02.004+08', NULL);
INSERT INTO "public"."routers" ("id", "name", "title", "description", "path", "is_menu", "parent_id", "icon", "group_id", "sort", "created_at", "updated_at", "deleted_at") VALUES (31, 'features', '产品功能', NULL, '/features', 'f', NULL, NULL, 2, 0, '2025-12-31 11:08:02.004+08', '2025-12-31 11:08:02.004+08', NULL);
INSERT INTO "public"."routers" ("id", "name", "title", "description", "path", "is_menu", "parent_id", "icon", "group_id", "sort", "created_at", "updated_at", "deleted_at") VALUES (32, 'index', '首页', NULL, '/index', 'f', NULL, NULL, 2, 0, '2025-12-31 11:08:02.004+08', '2025-12-31 11:08:02.004+08', NULL);
INSERT INTO "public"."routers" ("id", "name", "title", "description", "path", "is_menu", "parent_id", "icon", "group_id", "sort", "created_at", "updated_at", "deleted_at") VALUES (33, 'landing-:invitedBy', '邀请注册', NULL, '/landing/:invitedBy', 'f', NULL, NULL, 5, 0, '2025-12-31 11:08:02.004+08', '2025-12-31 11:08:02.004+08', NULL);
INSERT INTO "public"."routers" ("id", "name", "title", "description", "path", "is_menu", "parent_id", "icon", "group_id", "sort", "created_at", "updated_at", "deleted_at") VALUES (34, 'login', '登录', NULL, '/login', 'f', NULL, NULL, 2, 0, '2025-12-31 11:08:02.004+08', '2025-12-31 11:08:02.004+08', NULL);
INSERT INTO "public"."routers" ("id", "name", "title", "description", "path", "is_menu", "parent_id", "icon", "group_id", "sort", "created_at", "updated_at", "deleted_at") VALUES (35, 'pricing', '价格方案', NULL, '/pricing', 'f', NULL, NULL, 2, 0, '2025-12-31 11:08:02.004+08', '2025-12-31 11:08:02.004+08', NULL);
INSERT INTO "public"."routers" ("id", "name", "title", "description", "path", "is_menu", "parent_id", "icon", "group_id", "sort", "created_at", "updated_at", "deleted_at") VALUES (36, 'privacy-agreement', '隐私政策', NULL, '/privacy-agreement', 'f', NULL, NULL, 2, 0, '2025-12-31 11:08:02.004+08', '2025-12-31 11:08:02.004+08', NULL);
INSERT INTO "public"."routers" ("id", "name", "title", "description", "path", "is_menu", "parent_id", "icon", "group_id", "sort", "created_at", "updated_at", "deleted_at") VALUES (37, 'purchase-agreement', '服务购买协议', NULL, '/purchase-agreement', 'f', NULL, NULL, 2, 0, '2025-12-31 11:08:02.004+08', '2025-12-31 11:08:02.004+08', NULL);
INSERT INTO "public"."routers" ("id", "name", "title", "description", "path", "is_menu", "parent_id", "icon", "group_id", "sort", "created_at", "updated_at", "deleted_at") VALUES (38, 'register', '注册', NULL, '/register', 'f', NULL, NULL, 2, 0, '2025-12-31 11:08:02.004+08', '2025-12-31 11:08:02.004+08', NULL);
INSERT INTO "public"."routers" ("id", "name", "title", "description", "path", "is_menu", "parent_id", "icon", "group_id", "sort", "created_at", "updated_at", "deleted_at") VALUES (39, 'reset-password', '重置密码', NULL, '/reset-password', 'f', NULL, NULL, 2, 0, '2025-12-31 11:08:02.004+08', '2025-12-31 11:08:02.004+08', NULL);
INSERT INTO "public"."routers" ("id", "name", "title", "description", "path", "is_menu", "parent_id", "icon", "group_id", "sort", "created_at", "updated_at", "deleted_at") VALUES (40, 'terms-of-use', '使用条款', NULL, '/terms-of-use', 'f', NULL, NULL, 2, 0, '2025-12-31 11:08:02.004+08', '2025-12-31 11:08:02.004+08', NULL);
INSERT INTO "public"."routers" ("id", "name", "title", "description", "path", "is_menu", "parent_id", "icon", "group_id", "sort", "created_at", "updated_at", "deleted_at") VALUES (41, '403', '无权限访问', NULL, '/403', 'f', NULL, NULL, 2, 0, '2025-12-31 11:08:17.298+08', '2025-12-31 11:08:17.298+08', NULL);
INSERT INTO "public"."routers" ("id", "name", "title", "description", "path", "is_menu", "parent_id", "icon", "group_id", "sort", "created_at", "updated_at", "deleted_at") VALUES (42, 'about', '关于我们', NULL, '/about', 'f', NULL, NULL, 2, 0, '2025-12-31 11:08:17.298+08', '2025-12-31 11:08:17.298+08', NULL);
INSERT INTO "public"."routers" ("id", "name", "title", "description", "path", "is_menu", "parent_id", "icon", "group_id", "sort", "created_at", "updated_at", "deleted_at") VALUES (43, 'admin', '管理后台', NULL, '/admin', 'f', NULL, NULL, 3, 0, '2025-12-31 11:08:17.298+08', '2025-12-31 11:08:17.298+08', NULL);
INSERT INTO "public"."routers" ("id", "name", "title", "description", "path", "is_menu", "parent_id", "icon", "group_id", "sort", "created_at", "updated_at", "deleted_at") VALUES (44, 'admin-audit', '审计日志', NULL, '/admin/audit', 'f', NULL, NULL, 3, 0, '2025-12-31 11:08:17.298+08', '2025-12-31 11:08:17.298+08', NULL);
INSERT INTO "public"."routers" ("id", "name", "title", "description", "path", "is_menu", "parent_id", "icon", "group_id", "sort", "created_at", "updated_at", "deleted_at") VALUES (45, 'admin-permissions-api', 'API 权限管理', NULL, '/admin/permissions/api', 'f', NULL, NULL, 3, 0, '2025-12-31 11:08:17.298+08', '2025-12-31 11:08:17.298+08', NULL);
INSERT INTO "public"."routers" ("id", "name", "title", "description", "path", "is_menu", "parent_id", "icon", "group_id", "sort", "created_at", "updated_at", "deleted_at") VALUES (46, 'admin-permissions-routes', '路由权限管理', NULL, '/admin/permissions/routes', 'f', NULL, NULL, 3, 0, '2025-12-31 11:08:17.298+08', '2025-12-31 11:08:17.298+08', NULL);
INSERT INTO "public"."routers" ("id", "name", "title", "description", "path", "is_menu", "parent_id", "icon", "group_id", "sort", "created_at", "updated_at", "deleted_at") VALUES (47, 'admin-roles', '角色管理', NULL, '/admin/roles', 'f', NULL, NULL, 3, 0, '2025-12-31 11:08:17.298+08', '2025-12-31 11:08:17.298+08', NULL);
INSERT INTO "public"."routers" ("id", "name", "title", "description", "path", "is_menu", "parent_id", "icon", "group_id", "sort", "created_at", "updated_at", "deleted_at") VALUES (48, 'admin-roles-:id', '权限分配', NULL, '/admin/roles/:id', 'f', NULL, NULL, 3, 0, '2025-12-31 11:08:17.298+08', '2025-12-31 11:08:17.298+08', NULL);
INSERT INTO "public"."routers" ("id", "name", "title", "description", "path", "is_menu", "parent_id", "icon", "group_id", "sort", "created_at", "updated_at", "deleted_at") VALUES (49, 'admin-roles-:id-permissions', '权限分配', NULL, '/admin/roles/:id/permissions', 'f', NULL, NULL, 3, 0, '2025-12-31 11:08:17.298+08', '2025-12-31 11:08:17.298+08', NULL);
INSERT INTO "public"."routers" ("id", "name", "title", "description", "path", "is_menu", "parent_id", "icon", "group_id", "sort", "created_at", "updated_at", "deleted_at") VALUES (50, 'admin-roles-create', '创建角色', NULL, '/admin/roles/create', 'f', NULL, NULL, 3, 0, '2025-12-31 11:08:17.298+08', '2025-12-31 11:08:17.298+08', NULL);
INSERT INTO "public"."routers" ("id", "name", "title", "description", "path", "is_menu", "parent_id", "icon", "group_id", "sort", "created_at", "updated_at", "deleted_at") VALUES (51, 'admin-users', '用户角色管理', NULL, '/admin/users', 'f', NULL, NULL, 3, 0, '2025-12-31 11:08:17.298+08', '2025-12-31 11:08:17.298+08', NULL);
INSERT INTO "public"."routers" ("id", "name", "title", "description", "path", "is_menu", "parent_id", "icon", "group_id", "sort", "created_at", "updated_at", "deleted_at") VALUES (52, 'admin-redemption-codes', '兑换码管理', NULL, '/admin/redemption-codes', 'f', NULL, NULL, 3, 0, '2026-01-02 04:02:48.354+08', '2026-01-02 04:02:48.354+08', NULL);
INSERT INTO "public"."routers" ("id", "name", "title", "description", "path", "is_menu", "parent_id", "icon", "group_id", "sort", "created_at", "updated_at", "deleted_at") VALUES (53, 'admin-redemption-codes-records', '兑换记录', NULL, '/admin/redemption-codes/records', 'f', NULL, NULL, 3, 0, '2026-01-02 04:02:48.354+08', '2026-01-02 04:02:48.354+08', NULL);
INSERT INTO "public"."routers" ("id", "name", "title", "description", "path", "is_menu", "parent_id", "icon", "group_id", "sort", "created_at", "updated_at", "deleted_at") VALUES (54, 'admin-benefits', '权益类型管理', NULL, '/admin/benefits', 'f', NULL, NULL, 3, 0, '2026-01-03 11:35:26.82+08', '2026-01-03 11:35:26.82+08', NULL);
INSERT INTO "public"."routers" ("id", "name", "title", "description", "path", "is_menu", "parent_id", "icon", "group_id", "sort", "created_at", "updated_at", "deleted_at") VALUES (55, 'admin-benefits-grant', '用户权益发放', NULL, '/admin/benefits/grant', 'f', NULL, NULL, 3, 0, '2026-01-03 11:35:26.82+08', '2026-01-03 11:35:26.82+08', NULL);
INSERT INTO "public"."routers" ("id", "name", "title", "description", "path", "is_menu", "parent_id", "icon", "group_id", "sort", "created_at", "updated_at", "deleted_at") VALUES (56, 'admin-benefits-membership', '会员级别权益配置', NULL, '/admin/benefits/membership', 'f', NULL, NULL, 3, 0, '2026-01-03 11:35:26.82+08', '2026-01-03 11:35:26.82+08', NULL);

-- 角色路由
INSERT INTO "public"."role_routers" ("id", "role_id", "router_id", "created_at", "updated_at", "deleted_at") VALUES (1, 1, 1, '2025-12-31 09:53:05.425+08', '2025-12-31 09:53:05.425+08', NULL);
INSERT INTO "public"."role_routers" ("id", "role_id", "router_id", "created_at", "updated_at", "deleted_at") VALUES (2, 1, 2, '2025-12-31 09:53:05.425+08', '2025-12-31 09:53:05.425+08', NULL);
INSERT INTO "public"."role_routers" ("id", "role_id", "router_id", "created_at", "updated_at", "deleted_at") VALUES (3, 1, 3, '2025-12-31 09:53:05.425+08', '2025-12-31 09:53:05.425+08', NULL);
INSERT INTO "public"."role_routers" ("id", "role_id", "router_id", "created_at", "updated_at", "deleted_at") VALUES (4, 1, 4, '2025-12-31 09:53:05.425+08', '2025-12-31 09:53:05.425+08', NULL);
INSERT INTO "public"."role_routers" ("id", "role_id", "router_id", "created_at", "updated_at", "deleted_at") VALUES (5, 1, 5, '2025-12-31 09:53:05.425+08', '2025-12-31 09:53:05.425+08', NULL);
INSERT INTO "public"."role_routers" ("id", "role_id", "router_id", "created_at", "updated_at", "deleted_at") VALUES (6, 1, 6, '2025-12-31 09:53:05.425+08', '2025-12-31 09:53:05.425+08', NULL);
INSERT INTO "public"."role_routers" ("id", "role_id", "router_id", "created_at", "updated_at", "deleted_at") VALUES (7, 1, 7, '2025-12-31 09:53:05.425+08', '2025-12-31 09:53:05.425+08', NULL);
INSERT INTO "public"."role_routers" ("id", "role_id", "router_id", "created_at", "updated_at", "deleted_at") VALUES (8, 1, 8, '2025-12-31 09:53:05.425+08', '2025-12-31 09:53:05.425+08', NULL);
INSERT INTO "public"."role_routers" ("id", "role_id", "router_id", "created_at", "updated_at", "deleted_at") VALUES (9, 1, 9, '2025-12-31 09:53:05.425+08', '2025-12-31 09:53:05.425+08', NULL);
INSERT INTO "public"."role_routers" ("id", "role_id", "router_id", "created_at", "updated_at", "deleted_at") VALUES (10, 1, 10, '2025-12-31 09:53:05.425+08', '2025-12-31 09:53:05.425+08', NULL);
INSERT INTO "public"."role_routers" ("id", "role_id", "router_id", "created_at", "updated_at", "deleted_at") VALUES (11, 1, 11, '2025-12-31 09:53:05.425+08', '2025-12-31 09:53:05.425+08', NULL);
INSERT INTO "public"."role_routers" ("id", "role_id", "router_id", "created_at", "updated_at", "deleted_at") VALUES (12, 2, 1, '2025-12-31 11:10:28.85+08', '2025-12-31 11:10:28.85+08', NULL);
INSERT INTO "public"."role_routers" ("id", "role_id", "router_id", "created_at", "updated_at", "deleted_at") VALUES (13, 2, 2, '2025-12-31 11:10:28.85+08', '2025-12-31 11:10:28.85+08', NULL);
INSERT INTO "public"."role_routers" ("id", "role_id", "router_id", "created_at", "updated_at", "deleted_at") VALUES (14, 2, 3, '2025-12-31 11:10:28.85+08', '2025-12-31 11:10:28.85+08', NULL);
INSERT INTO "public"."role_routers" ("id", "role_id", "router_id", "created_at", "updated_at", "deleted_at") VALUES (15, 2, 4, '2025-12-31 11:10:28.85+08', '2025-12-31 11:10:28.85+08', NULL);
INSERT INTO "public"."role_routers" ("id", "role_id", "router_id", "created_at", "updated_at", "deleted_at") VALUES (16, 2, 5, '2025-12-31 11:10:28.85+08', '2025-12-31 11:10:28.85+08', NULL);
INSERT INTO "public"."role_routers" ("id", "role_id", "router_id", "created_at", "updated_at", "deleted_at") VALUES (17, 2, 6, '2025-12-31 11:10:28.85+08', '2025-12-31 11:10:28.85+08', NULL);
INSERT INTO "public"."role_routers" ("id", "role_id", "router_id", "created_at", "updated_at", "deleted_at") VALUES (18, 2, 7, '2025-12-31 11:10:28.85+08', '2025-12-31 11:10:28.85+08', NULL);
INSERT INTO "public"."role_routers" ("id", "role_id", "router_id", "created_at", "updated_at", "deleted_at") VALUES (19, 2, 8, '2025-12-31 11:10:28.85+08', '2025-12-31 11:10:28.85+08', NULL);
INSERT INTO "public"."role_routers" ("id", "role_id", "router_id", "created_at", "updated_at", "deleted_at") VALUES (20, 2, 9, '2025-12-31 11:10:28.85+08', '2025-12-31 11:10:28.85+08', NULL);
INSERT INTO "public"."role_routers" ("id", "role_id", "router_id", "created_at", "updated_at", "deleted_at") VALUES (21, 2, 10, '2025-12-31 11:10:28.85+08', '2025-12-31 11:10:28.85+08', NULL);
INSERT INTO "public"."role_routers" ("id", "role_id", "router_id", "created_at", "updated_at", "deleted_at") VALUES (22, 2, 11, '2025-12-31 11:10:28.85+08', '2025-12-31 11:10:28.85+08', NULL);
INSERT INTO "public"."role_routers" ("id", "role_id", "router_id", "created_at", "updated_at", "deleted_at") VALUES (23, 2, 31, '2025-12-31 11:10:28.85+08', '2025-12-31 11:10:28.85+08', NULL);
INSERT INTO "public"."role_routers" ("id", "role_id", "router_id", "created_at", "updated_at", "deleted_at") VALUES (24, 2, 32, '2025-12-31 11:10:28.85+08', '2025-12-31 11:10:28.85+08', NULL);
INSERT INTO "public"."role_routers" ("id", "role_id", "router_id", "created_at", "updated_at", "deleted_at") VALUES (25, 2, 34, '2025-12-31 11:10:28.85+08', '2025-12-31 11:10:28.85+08', NULL);
INSERT INTO "public"."role_routers" ("id", "role_id", "router_id", "created_at", "updated_at", "deleted_at") VALUES (26, 2, 35, '2025-12-31 11:10:28.85+08', '2025-12-31 11:10:28.85+08', NULL);
INSERT INTO "public"."role_routers" ("id", "role_id", "router_id", "created_at", "updated_at", "deleted_at") VALUES (27, 2, 36, '2025-12-31 11:10:28.85+08', '2025-12-31 11:10:28.85+08', NULL);
INSERT INTO "public"."role_routers" ("id", "role_id", "router_id", "created_at", "updated_at", "deleted_at") VALUES (28, 2, 37, '2025-12-31 11:10:28.85+08', '2025-12-31 11:10:28.85+08', NULL);
INSERT INTO "public"."role_routers" ("id", "role_id", "router_id", "created_at", "updated_at", "deleted_at") VALUES (29, 2, 38, '2025-12-31 11:10:28.85+08', '2025-12-31 11:10:28.85+08', NULL);
INSERT INTO "public"."role_routers" ("id", "role_id", "router_id", "created_at", "updated_at", "deleted_at") VALUES (30, 2, 39, '2025-12-31 11:10:28.85+08', '2025-12-31 11:10:28.85+08', NULL);
INSERT INTO "public"."role_routers" ("id", "role_id", "router_id", "created_at", "updated_at", "deleted_at") VALUES (33, 2, 40, '2025-12-31 11:10:28.85+08', '2025-12-31 11:10:28.85+08', NULL);
INSERT INTO "public"."role_routers" ("id", "role_id", "router_id", "created_at", "updated_at", "deleted_at") VALUES (34, 2, 41, '2025-12-31 11:10:28.85+08', '2025-12-31 11:10:28.85+08', NULL);
INSERT INTO "public"."role_routers" ("id", "role_id", "router_id", "created_at", "updated_at", "deleted_at") VALUES (35, 2, 42, '2025-12-31 11:10:28.85+08', '2025-12-31 11:10:28.85+08', NULL);
INSERT INTO "public"."role_routers" ("id", "role_id", "router_id", "created_at", "updated_at", "deleted_at") VALUES (36, 2, 43, '2025-12-31 11:10:28.85+08', '2025-12-31 11:10:28.85+08', NULL);
INSERT INTO "public"."role_routers" ("id", "role_id", "router_id", "created_at", "updated_at", "deleted_at") VALUES (37, 2, 12, '2025-12-31 11:10:28.85+08', '2025-12-31 11:10:28.85+08', NULL);
INSERT INTO "public"."role_routers" ("id", "role_id", "router_id", "created_at", "updated_at", "deleted_at") VALUES (38, 2, 13, '2025-12-31 11:10:28.85+08', '2025-12-31 11:10:28.85+08', NULL);
INSERT INTO "public"."role_routers" ("id", "role_id", "router_id", "created_at", "updated_at", "deleted_at") VALUES (39, 2, 14, '2025-12-31 11:10:28.85+08', '2025-12-31 11:10:28.85+08', NULL);
INSERT INTO "public"."role_routers" ("id", "role_id", "router_id", "created_at", "updated_at", "deleted_at") VALUES (40, 2, 15, '2025-12-31 11:10:28.85+08', '2025-12-31 11:10:28.85+08', NULL);
INSERT INTO "public"."role_routers" ("id", "role_id", "router_id", "created_at", "updated_at", "deleted_at") VALUES (41, 2, 16, '2025-12-31 11:10:28.85+08', '2025-12-31 11:10:28.85+08', NULL);
INSERT INTO "public"."role_routers" ("id", "role_id", "router_id", "created_at", "updated_at", "deleted_at") VALUES (42, 2, 17, '2025-12-31 11:10:28.85+08', '2025-12-31 11:10:28.85+08', NULL);
INSERT INTO "public"."role_routers" ("id", "role_id", "router_id", "created_at", "updated_at", "deleted_at") VALUES (43, 2, 18, '2025-12-31 11:10:28.85+08', '2025-12-31 11:10:28.85+08', NULL);
INSERT INTO "public"."role_routers" ("id", "role_id", "router_id", "created_at", "updated_at", "deleted_at") VALUES (44, 2, 19, '2025-12-31 11:10:28.85+08', '2025-12-31 11:10:28.85+08', NULL);
INSERT INTO "public"."role_routers" ("id", "role_id", "router_id", "created_at", "updated_at", "deleted_at") VALUES (45, 2, 20, '2025-12-31 11:10:28.85+08', '2025-12-31 11:10:28.85+08', NULL);
INSERT INTO "public"."role_routers" ("id", "role_id", "router_id", "created_at", "updated_at", "deleted_at") VALUES (46, 2, 21, '2025-12-31 11:10:28.85+08', '2025-12-31 11:10:28.85+08', NULL);
INSERT INTO "public"."role_routers" ("id", "role_id", "router_id", "created_at", "updated_at", "deleted_at") VALUES (47, 2, 22, '2025-12-31 11:10:28.85+08', '2025-12-31 11:10:28.85+08', NULL);
INSERT INTO "public"."role_routers" ("id", "role_id", "router_id", "created_at", "updated_at", "deleted_at") VALUES (48, 2, 23, '2025-12-31 11:10:28.85+08', '2025-12-31 11:10:28.85+08', NULL);
INSERT INTO "public"."role_routers" ("id", "role_id", "router_id", "created_at", "updated_at", "deleted_at") VALUES (49, 2, 24, '2025-12-31 11:10:28.85+08', '2025-12-31 11:10:28.85+08', NULL);
INSERT INTO "public"."role_routers" ("id", "role_id", "router_id", "created_at", "updated_at", "deleted_at") VALUES (50, 2, 25, '2025-12-31 11:10:28.85+08', '2025-12-31 11:10:28.85+08', NULL);
INSERT INTO "public"."role_routers" ("id", "role_id", "router_id", "created_at", "updated_at", "deleted_at") VALUES (51, 2, 26, '2025-12-31 11:10:28.85+08', '2025-12-31 11:10:28.85+08', NULL);
INSERT INTO "public"."role_routers" ("id", "role_id", "router_id", "created_at", "updated_at", "deleted_at") VALUES (52, 2, 27, '2025-12-31 11:10:28.85+08', '2025-12-31 11:10:28.85+08', NULL);
INSERT INTO "public"."role_routers" ("id", "role_id", "router_id", "created_at", "updated_at", "deleted_at") VALUES (53, 2, 28, '2025-12-31 11:10:28.85+08', '2025-12-31 11:10:28.85+08', NULL);
INSERT INTO "public"."role_routers" ("id", "role_id", "router_id", "created_at", "updated_at", "deleted_at") VALUES (54, 2, 29, '2025-12-31 11:10:28.85+08', '2025-12-31 11:10:28.85+08', NULL);
INSERT INTO "public"."role_routers" ("id", "role_id", "router_id", "created_at", "updated_at", "deleted_at") VALUES (55, 2, 30, '2025-12-31 11:10:28.85+08', '2025-12-31 11:10:28.85+08', NULL);
INSERT INTO "public"."role_routers" ("id", "role_id", "router_id", "created_at", "updated_at", "deleted_at") VALUES (56, 2, 33, '2025-12-31 11:10:28.85+08', '2025-12-31 11:10:28.85+08', NULL);
INSERT INTO "public"."role_routers" ("id", "role_id", "router_id", "created_at", "updated_at", "deleted_at") VALUES (57, 2, 52, '2025-12-31 11:10:28.85+08', '2025-12-31 11:10:28.85+08', NULL);
INSERT INTO "public"."role_routers" ("id", "role_id", "router_id", "created_at", "updated_at", "deleted_at") VALUES (58, 2, 53, '2025-12-31 11:10:28.85+08', '2025-12-31 11:10:28.85+08', NULL);
INSERT INTO "public"."role_routers" ("id", "role_id", "router_id", "created_at", "updated_at", "deleted_at") VALUES (59, 2, 55, '2025-12-31 11:10:28.85+08', '2025-12-31 11:10:28.85+08', NULL);
INSERT INTO "public"."role_routers" ("id", "role_id", "router_id", "created_at", "updated_at", "deleted_at") VALUES (60, 2, 56, '2025-12-31 11:10:28.85+08', '2025-12-31 11:10:28.85+08', NULL);

-- 会员级别
INSERT INTO "public"."membership_levels" ("id", "name", "description", "sort_order", "status", "created_at", "updated_at", "deleted_at") VALUES (1, '基础版', '基础功能，包含案情分析和摘要生成。', 1, 1, '2025-12-27 19:01:37.905382+08', '2025-12-27 19:01:37.905382+08', NULL);
INSERT INTO "public"."membership_levels" ("id", "name", "description", "sort_order", "status", "created_at", "updated_at", "deleted_at") VALUES (2, '专业版', '专业功能，包含全部分析模块。', 2, 1, '2025-12-27 19:01:53.319585+08', '2025-12-27 19:01:53.319585+08', NULL);
INSERT INTO "public"."membership_levels" ("id", "name", "description", "sort_order", "status", "created_at", "updated_at", "deleted_at") VALUES (3, '旗舰版', '旗舰功能，包含全平台所有功能和优先支持', 3, 1, '2025-12-27 19:02:03.483646+08', '2025-12-27 19:02:03.483646+08', NULL);

-- 产品表
INSERT INTO "public"."products" ("id", "name", "type", "level_id", "price_monthly", "price_yearly", "gift_point", "unit_price", "point_amount", "purchase_limit", "status", "sort_order", "created_at", "updated_at", "deleted_at", "category", "default_duration", "description", "max_quantity", "min_quantity", "original_price_monthly", "original_price_yearly", "original_unit_price") VALUES (1, '基础版会员', 1, 1, '69.00', '365.00', 3650, NULL, NULL, 0, 1, 2, '2025-12-28 20:06:43.93889+08', '2025-12-28 20:06:43.93889+08', NULL, 'membership', 2, '基础功能，包含案情分析和摘要生成', NULL, 1, '138.00', '780.00', NULL);
INSERT INTO "public"."products" ("id", "name", "type", "level_id", "price_monthly", "price_yearly", "gift_point", "unit_price", "point_amount", "purchase_limit", "status", "sort_order", "created_at", "updated_at", "deleted_at", "category", "default_duration", "description", "max_quantity", "min_quantity", "original_price_monthly", "original_price_yearly", "original_unit_price") VALUES (2, '专业版会员', 1, 2, '149.00', '680.00', 6800, NULL, NULL, 0, 1, 3, '2025-12-28 20:07:43.140882+08', '2025-12-28 20:07:43.140882+08', NULL, 'membership', 2, '专业功能，包含全部分析模块', NULL, 1, '298.00', '1280.00', NULL);
INSERT INTO "public"."products" ("id", "name", "type", "level_id", "price_monthly", "price_yearly", "gift_point", "unit_price", "point_amount", "purchase_limit", "status", "sort_order", "created_at", "updated_at", "deleted_at", "category", "default_duration", "description", "max_quantity", "min_quantity", "original_price_monthly", "original_price_yearly", "original_unit_price") VALUES (3, '旗舰版会员', 1, 3, '299.00', '1280.00', 12800, NULL, NULL, 0, 1, 4, '2025-12-28 20:08:08.908349+08', '2025-12-28 20:08:08.908349+08', NULL, 'membership', 2, '企业级功能，包含所有功能和优先支持', NULL, 1, '598.00', '2480.00', NULL);
INSERT INTO "public"."products" ("id", "name", "type", "level_id", "price_monthly", "price_yearly", "gift_point", "unit_price", "point_amount", "purchase_limit", "status", "sort_order", "created_at", "updated_at", "deleted_at", "category", "default_duration", "description", "max_quantity", "min_quantity", "original_price_monthly", "original_price_yearly", "original_unit_price") VALUES (4, '300积分包', 2, NULL, NULL, NULL, NULL, '30.00', 300, 0, 1, 1, '2025-12-28 20:10:57.202459+08', '2025-12-28 20:10:57.202459+08', NULL, 'points', NULL, 'LexSeek 300积分包', 100, 1, NULL, NULL, '30.00');
INSERT INTO "public"."products" ("id", "name", "type", "level_id", "price_monthly", "price_yearly", "gift_point", "unit_price", "point_amount", "purchase_limit", "status", "sort_order", "created_at", "updated_at", "deleted_at", "category", "default_duration", "description", "max_quantity", "min_quantity", "original_price_monthly", "original_price_yearly", "original_unit_price") VALUES (5, '500积分包', 2, NULL, NULL, NULL, NULL, '50.00', 500, 0, 1, 2, '2025-12-28 20:11:02.873738+08', '2025-12-28 20:11:02.873738+08', NULL, 'points', NULL, 'LexSeek 500积分包', 100, 1, NULL, NULL, '50.00');
INSERT INTO "public"."products" ("id", "name", "type", "level_id", "price_monthly", "price_yearly", "gift_point", "unit_price", "point_amount", "purchase_limit", "status", "sort_order", "created_at", "updated_at", "deleted_at", "category", "default_duration", "description", "max_quantity", "min_quantity", "original_price_monthly", "original_price_yearly", "original_unit_price") VALUES (6, '1000积分包', 2, NULL, NULL, NULL, NULL, '95.00', 1000, 0, 1, 3, '2025-12-28 20:15:14.196838+08', '2025-12-28 20:15:14.196838+08', NULL, 'points', NULL, 'LexSeek 1000积分包', 100, 1, NULL, NULL, '100.00');
INSERT INTO "public"."products" ("id", "name", "type", "level_id", "price_monthly", "price_yearly", "gift_point", "unit_price", "point_amount", "purchase_limit", "status", "sort_order", "created_at", "updated_at", "deleted_at", "category", "default_duration", "description", "max_quantity", "min_quantity", "original_price_monthly", "original_price_yearly", "original_unit_price") VALUES (7, '1500积分包', 2, NULL, NULL, NULL, NULL, '142.00', 1500, 0, 1, 4, '2025-12-28 20:15:14.200307+08', '2025-12-28 20:15:14.200307+08', NULL, 'points', NULL, 'LexSeek 1500积分包', 100, 1, NULL, NULL, '150.00');
INSERT INTO "public"."products" ("id", "name", "type", "level_id", "price_monthly", "price_yearly", "gift_point", "unit_price", "point_amount", "purchase_limit", "status", "sort_order", "created_at", "updated_at", "deleted_at", "category", "default_duration", "description", "max_quantity", "min_quantity", "original_price_monthly", "original_price_yearly", "original_unit_price") VALUES (8, '2000积分包', 2, NULL, NULL, NULL, NULL, '190.00', 2000, 0, 1, 5, '2025-12-28 20:15:14.20262+08', '2025-12-28 20:15:14.20262+08', NULL, 'points', NULL, 'LexSeek 2000积分包', 100, 1, NULL, NULL, '200.00');
INSERT INTO "public"."products" ("id", "name", "type", "level_id", "price_monthly", "price_yearly", "gift_point", "unit_price", "point_amount", "purchase_limit", "status", "sort_order", "created_at", "updated_at", "deleted_at", "category", "default_duration", "description", "max_quantity", "min_quantity", "original_price_monthly", "original_price_yearly", "original_unit_price") VALUES (9, '3000积分包', 2, NULL, NULL, NULL, NULL, '270.00', 3000, 0, 1, 6, '2025-12-28 20:15:14.205527+08', '2025-12-28 20:15:14.205527+08', NULL, 'points', NULL, 'LexSeek 3000积分包', 100, 1, NULL, NULL, '300.00');
INSERT INTO "public"."products" ("id", "name", "type", "level_id", "price_monthly", "price_yearly", "gift_point", "unit_price", "point_amount", "purchase_limit", "status", "sort_order", "created_at", "updated_at", "deleted_at", "category", "default_duration", "description", "max_quantity", "min_quantity", "original_price_monthly", "original_price_yearly", "original_unit_price") VALUES (10, '新手旗舰套餐', 1, 3, '9.90', '1280.00', 300, NULL, NULL, 1, 1, 1, '2025-12-28 20:15:14.208029+08', '2025-12-28 20:15:14.208029+08', NULL, 'membership', 1, '旗舰版会员，限购 1 次', 1, 1, '598.00', '2480.00', NULL);

-- 营销活动表
INSERT INTO "public"."campaigns" ("id", "name", "type", "level_id", "duration", "gift_point", "start_at", "end_at", "status", "remark", "created_at", "updated_at", "deleted_at") VALUES (1, '注册新手礼包', 1, 3, 7, 300, '2025-12-28 02:59:48+08', '2099-12-28 02:59:51+08', 1, '新用户注册赠送会员和积分', '2025-12-28 03:00:26+08', '2025-12-28 03:00:29+08', NULL);
INSERT INTO "public"."campaigns" ("id", "name", "type", "level_id", "duration", "gift_point", "start_at", "end_at", "status", "remark", "created_at", "updated_at", "deleted_at") VALUES (2, '邀请注册奖励', 2, 3, 7, 300, '2025-12-28 03:03:07+08', '2099-12-28 02:59:51+08', 1, '邀请用户注册成功奖励', '2025-12-27 19:03:21.73139+08', '2025-12-27 19:03:21.73139+08', NULL);

-- API 分组
INSERT INTO "public"."api_permission_groups" ("id", "name", "description", "sort", "status", "created_at", "updated_at", "deleted_at") VALUES (1, '认证管理', '用户认证相关接口', 1, 1, '2025-12-31 03:34:57.896+08', '2025-12-31 03:34:57.896+08', NULL);
INSERT INTO "public"."api_permission_groups" ("id", "name", "description", "sort", "status", "created_at", "updated_at", "deleted_at") VALUES (2, '用户管理', '用户信息管理接口', 2, 1, '2025-12-31 03:34:57.904+08', '2025-12-31 03:34:57.904+08', NULL);
INSERT INTO "public"."api_permission_groups" ("id", "name", "description", "sort", "status", "created_at", "updated_at", "deleted_at") VALUES (3, '会员管理', '会员系统相关接口', 3, 1, '2025-12-31 03:34:57.908+08', '2025-12-31 03:34:57.908+08', NULL);
INSERT INTO "public"."api_permission_groups" ("id", "name", "description", "sort", "status", "created_at", "updated_at", "deleted_at") VALUES (4, '支付管理', '支付订单相关接口', 4, 1, '2025-12-31 03:34:57.911+08', '2025-12-31 03:34:57.911+08', NULL);
INSERT INTO "public"."api_permission_groups" ("id", "name", "description", "sort", "status", "created_at", "updated_at", "deleted_at") VALUES (5, '存储管理', '文件存储相关接口', 5, 1, '2025-12-31 03:34:57.914+08', '2025-12-31 03:34:57.914+08', NULL);
INSERT INTO "public"."api_permission_groups" ("id", "name", "description", "sort", "status", "created_at", "updated_at", "deleted_at") VALUES (6, '系统管理', '系统配置相关接口', 6, 1, '2025-12-31 03:34:57.917+08', '2025-12-31 03:34:57.917+08', NULL);

-- API 
INSERT INTO "public"."api_permissions" ("id", "path", "method", "name", "description", "is_public", "group_id", "status", "created_at", "updated_at", "deleted_at") VALUES (1, '/api/health', 'GET', 'GET api / health', NULL, 'f', NULL, 1, '2025-12-31 12:16:59.206+08', '2025-12-31 12:16:59.206+08', NULL);
INSERT INTO "public"."api_permissions" ("id", "path", "method", "name", "description", "is_public", "group_id", "status", "created_at", "updated_at", "deleted_at") VALUES (2, '/api/v1/admin/api-permissions', 'GET', 'GET admin / api permissions', NULL, 'f', NULL, 1, '2025-12-31 12:16:59.213+08', '2025-12-31 12:16:59.213+08', NULL);
INSERT INTO "public"."api_permissions" ("id", "path", "method", "name", "description", "is_public", "group_id", "status", "created_at", "updated_at", "deleted_at") VALUES (3, '/api/v1/admin/api-permissions', 'POST', 'POST admin / api permissions', NULL, 'f', NULL, 1, '2025-12-31 12:16:59.216+08', '2025-12-31 12:16:59.216+08', NULL);
INSERT INTO "public"."api_permissions" ("id", "path", "method", "name", "description", "is_public", "group_id", "status", "created_at", "updated_at", "deleted_at") VALUES (4, '/api/v1/admin/api-permissions/:id', 'DELETE', 'DELETE admin / api permissions / [id]', NULL, 'f', NULL, 1, '2025-12-31 12:16:59.218+08', '2025-12-31 12:16:59.218+08', NULL);
INSERT INTO "public"."api_permissions" ("id", "path", "method", "name", "description", "is_public", "group_id", "status", "created_at", "updated_at", "deleted_at") VALUES (5, '/api/v1/admin/api-permissions/:id', 'GET', 'GET admin / api permissions / [id]', NULL, 'f', NULL, 1, '2025-12-31 12:16:59.22+08', '2025-12-31 12:16:59.22+08', NULL);
INSERT INTO "public"."api_permissions" ("id", "path", "method", "name", "description", "is_public", "group_id", "status", "created_at", "updated_at", "deleted_at") VALUES (6, '/api/v1/admin/api-permissions/:id', 'PUT', 'PUT admin / api permissions / [id]', NULL, 'f', NULL, 1, '2025-12-31 12:16:59.222+08', '2025-12-31 12:16:59.222+08', NULL);
INSERT INTO "public"."api_permissions" ("id", "path", "method", "name", "description", "is_public", "group_id", "status", "created_at", "updated_at", "deleted_at") VALUES (7, '/api/v1/admin/api-permissions/batch-delete', 'DELETE', 'DELETE admin / api permissions / batch delete', NULL, 'f', NULL, 1, '2025-12-31 12:16:59.224+08', '2025-12-31 12:16:59.224+08', NULL);
INSERT INTO "public"."api_permissions" ("id", "path", "method", "name", "description", "is_public", "group_id", "status", "created_at", "updated_at", "deleted_at") VALUES (8, '/api/v1/admin/api-permissions/batch-import', 'POST', 'POST admin / api permissions / batch import', NULL, 'f', NULL, 1, '2025-12-31 12:16:59.226+08', '2025-12-31 12:16:59.226+08', NULL);
INSERT INTO "public"."api_permissions" ("id", "path", "method", "name", "description", "is_public", "group_id", "status", "created_at", "updated_at", "deleted_at") VALUES (9, '/api/v1/admin/api-permissions/batch-public', 'PUT', 'PUT admin / api permissions / batch public', NULL, 'f', NULL, 1, '2025-12-31 12:16:59.228+08', '2025-12-31 12:16:59.228+08', NULL);
INSERT INTO "public"."api_permissions" ("id", "path", "method", "name", "description", "is_public", "group_id", "status", "created_at", "updated_at", "deleted_at") VALUES (10, '/api/v1/admin/api-permissions/groups', 'GET', 'GET admin / api permissions / groups', NULL, 'f', NULL, 1, '2025-12-31 12:16:59.23+08', '2025-12-31 12:16:59.23+08', NULL);
INSERT INTO "public"."api_permissions" ("id", "path", "method", "name", "description", "is_public", "group_id", "status", "created_at", "updated_at", "deleted_at") VALUES (11, '/api/v1/admin/api-permissions/scan', 'POST', 'POST admin / api permissions / scan', NULL, 'f', NULL, 1, '2025-12-31 12:16:59.233+08', '2025-12-31 12:16:59.233+08', NULL);
INSERT INTO "public"."api_permissions" ("id", "path", "method", "name", "description", "is_public", "group_id", "status", "created_at", "updated_at", "deleted_at") VALUES (12, '/api/v1/admin/audit', 'GET', 'GET admin / audit', NULL, 'f', NULL, 1, '2025-12-31 12:16:59.235+08', '2025-12-31 12:16:59.235+08', NULL);
INSERT INTO "public"."api_permissions" ("id", "path", "method", "name", "description", "is_public", "group_id", "status", "created_at", "updated_at", "deleted_at") VALUES (13, '/api/v1/admin/roles', 'GET', 'GET admin / roles', NULL, 'f', NULL, 1, '2025-12-31 12:16:59.237+08', '2025-12-31 12:16:59.237+08', NULL);
INSERT INTO "public"."api_permissions" ("id", "path", "method", "name", "description", "is_public", "group_id", "status", "created_at", "updated_at", "deleted_at") VALUES (14, '/api/v1/admin/roles', 'POST', 'POST admin / roles', NULL, 'f', NULL, 1, '2025-12-31 12:16:59.24+08', '2025-12-31 12:16:59.24+08', NULL);
INSERT INTO "public"."api_permissions" ("id", "path", "method", "name", "description", "is_public", "group_id", "status", "created_at", "updated_at", "deleted_at") VALUES (15, '/api/v1/admin/roles/:id', 'DELETE', 'DELETE admin / roles / [id]', NULL, 'f', NULL, 1, '2025-12-31 12:16:59.241+08', '2025-12-31 12:16:59.241+08', NULL);
INSERT INTO "public"."api_permissions" ("id", "path", "method", "name", "description", "is_public", "group_id", "status", "created_at", "updated_at", "deleted_at") VALUES (16, '/api/v1/admin/roles/:id', 'GET', 'GET admin / roles / [id]', NULL, 'f', NULL, 1, '2025-12-31 12:16:59.243+08', '2025-12-31 12:16:59.243+08', NULL);
INSERT INTO "public"."api_permissions" ("id", "path", "method", "name", "description", "is_public", "group_id", "status", "created_at", "updated_at", "deleted_at") VALUES (17, '/api/v1/admin/roles/:id', 'PUT', 'PUT admin / roles / [id]', NULL, 'f', NULL, 1, '2025-12-31 12:16:59.245+08', '2025-12-31 12:16:59.245+08', NULL);
INSERT INTO "public"."api_permissions" ("id", "path", "method", "name", "description", "is_public", "group_id", "status", "created_at", "updated_at", "deleted_at") VALUES (18, '/api/v1/admin/roles/[id]/api-permissions', 'PUT', 'PUT admin / roles / [id] / api permissions', NULL, 'f', NULL, 1, '2025-12-31 12:16:59.247+08', '2025-12-31 12:16:59.247+08', NULL);
INSERT INTO "public"."api_permissions" ("id", "path", "method", "name", "description", "is_public", "group_id", "status", "created_at", "updated_at", "deleted_at") VALUES (19, '/api/v1/admin/roles/[id]/permissions', 'GET', 'GET admin / roles / [id] / permissions', NULL, 'f', NULL, 1, '2025-12-31 12:16:59.249+08', '2025-12-31 12:16:59.249+08', NULL);
INSERT INTO "public"."api_permissions" ("id", "path", "method", "name", "description", "is_public", "group_id", "status", "created_at", "updated_at", "deleted_at") VALUES (20, '/api/v1/admin/roles/[id]/route-permissions', 'PUT', 'PUT admin / roles / [id] / route permissions', NULL, 'f', NULL, 1, '2025-12-31 12:16:59.251+08', '2025-12-31 12:16:59.251+08', NULL);
INSERT INTO "public"."api_permissions" ("id", "path", "method", "name", "description", "is_public", "group_id", "status", "created_at", "updated_at", "deleted_at") VALUES (21, '/api/v1/admin/routers', 'GET', 'GET admin / routers', NULL, 'f', NULL, 1, '2025-12-31 12:16:59.253+08', '2025-12-31 12:16:59.253+08', NULL);
INSERT INTO "public"."api_permissions" ("id", "path", "method", "name", "description", "is_public", "group_id", "status", "created_at", "updated_at", "deleted_at") VALUES (22, '/api/v1/admin/routers/groups', 'GET', 'GET admin / routers / groups', NULL, 'f', NULL, 1, '2025-12-31 12:16:59.254+08', '2025-12-31 12:16:59.254+08', NULL);
INSERT INTO "public"."api_permissions" ("id", "path", "method", "name", "description", "is_public", "group_id", "status", "created_at", "updated_at", "deleted_at") VALUES (23, '/api/v1/admin/routers/import', 'POST', 'POST admin / routers / import', NULL, 'f', NULL, 1, '2025-12-31 12:16:59.256+08', '2025-12-31 12:16:59.256+08', NULL);
INSERT INTO "public"."api_permissions" ("id", "path", "method", "name", "description", "is_public", "group_id", "status", "created_at", "updated_at", "deleted_at") VALUES (24, '/api/v1/admin/routers/scan', 'POST', 'POST admin / routers / scan', NULL, 'f', NULL, 1, '2025-12-31 12:16:59.258+08', '2025-12-31 12:16:59.258+08', NULL);
INSERT INTO "public"."api_permissions" ("id", "path", "method", "name", "description", "is_public", "group_id", "status", "created_at", "updated_at", "deleted_at") VALUES (25, '/api/v1/admin/users', 'GET', 'GET admin / users', NULL, 'f', NULL, 1, '2025-12-31 12:16:59.26+08', '2025-12-31 12:16:59.26+08', NULL);
INSERT INTO "public"."api_permissions" ("id", "path", "method", "name", "description", "is_public", "group_id", "status", "created_at", "updated_at", "deleted_at") VALUES (26, '/api/v1/admin/users/[id]/roles', 'PUT', 'PUT admin / users / [id] / roles', NULL, 'f', NULL, 1, '2025-12-31 12:16:59.262+08', '2025-12-31 12:16:59.262+08', NULL);
INSERT INTO "public"."api_permissions" ("id", "path", "method", "name", "description", "is_public", "group_id", "status", "created_at", "updated_at", "deleted_at") VALUES (27, '/api/v1/auth/login/password', 'POST', 'POST auth / login / password', NULL, 't', NULL, 1, '2025-12-31 12:16:59.263+08', '2025-12-31 22:06:02.997+08', NULL);
INSERT INTO "public"."api_permissions" ("id", "path", "method", "name", "description", "is_public", "group_id", "status", "created_at", "updated_at", "deleted_at") VALUES (28, '/api/v1/auth/login/sms', 'POST', 'POST auth / login / sms', NULL, 't', NULL, 1, '2025-12-31 12:16:59.264+08', '2025-12-31 22:06:02.363+08', NULL);
INSERT INTO "public"."api_permissions" ("id", "path", "method", "name", "description", "is_public", "group_id", "status", "created_at", "updated_at", "deleted_at") VALUES (29, '/api/v1/auth/logout', 'POST', 'POST auth / logout', NULL, 't', NULL, 1, '2025-12-31 12:16:59.266+08', '2025-12-31 22:06:00.903+08', NULL);
INSERT INTO "public"."api_permissions" ("id", "path", "method", "name", "description", "is_public", "group_id", "status", "created_at", "updated_at", "deleted_at") VALUES (30, '/api/v1/auth/register', 'POST', 'POST auth / register', NULL, 't', NULL, 1, '2025-12-31 12:16:59.268+08', '2025-12-31 22:06:00.184+08', NULL);
INSERT INTO "public"."api_permissions" ("id", "path", "method", "name", "description", "is_public", "group_id", "status", "created_at", "updated_at", "deleted_at") VALUES (31, '/api/v1/auth/reset-password', '*', '* auth / reset password', NULL, 't', NULL, 1, '2025-12-31 12:16:59.269+08', '2025-12-31 22:05:57.801+08', NULL);
INSERT INTO "public"."api_permissions" ("id", "path", "method", "name", "description", "is_public", "group_id", "status", "created_at", "updated_at", "deleted_at") VALUES (32, '/api/v1/campaigns', 'GET', 'GET campaigns', NULL, 'f', NULL, 1, '2025-12-31 12:16:59.271+08', '2025-12-31 12:16:59.271+08', NULL);
INSERT INTO "public"."api_permissions" ("id", "path", "method", "name", "description", "is_public", "group_id", "status", "created_at", "updated_at", "deleted_at") VALUES (33, '/api/v1/campaigns/:id', 'GET', 'GET campaigns / [id]', NULL, 'f', NULL, 1, '2025-12-31 12:16:59.272+08', '2025-12-31 12:16:59.272+08', NULL);
INSERT INTO "public"."api_permissions" ("id", "path", "method", "name", "description", "is_public", "group_id", "status", "created_at", "updated_at", "deleted_at") VALUES (34, '/api/v1/encryption/config', 'GET', 'GET encryption / config', NULL, 'f', NULL, 1, '2025-12-31 12:16:59.274+08', '2025-12-31 12:16:59.274+08', NULL);
INSERT INTO "public"."api_permissions" ("id", "path", "method", "name", "description", "is_public", "group_id", "status", "created_at", "updated_at", "deleted_at") VALUES (35, '/api/v1/encryption/config', 'POST', 'POST encryption / config', NULL, 'f', NULL, 1, '2025-12-31 12:16:59.275+08', '2025-12-31 12:16:59.275+08', NULL);
INSERT INTO "public"."api_permissions" ("id", "path", "method", "name", "description", "is_public", "group_id", "status", "created_at", "updated_at", "deleted_at") VALUES (36, '/api/v1/encryption/config', 'PUT', 'PUT encryption / config', NULL, 'f', NULL, 1, '2025-12-31 12:16:59.277+08', '2025-12-31 12:16:59.277+08', NULL);
INSERT INTO "public"."api_permissions" ("id", "path", "method", "name", "description", "is_public", "group_id", "status", "created_at", "updated_at", "deleted_at") VALUES (37, '/api/v1/encryption/recovery', 'POST', 'POST encryption / recovery', NULL, 'f', NULL, 1, '2025-12-31 12:16:59.278+08', '2025-12-31 12:16:59.278+08', NULL);
INSERT INTO "public"."api_permissions" ("id", "path", "method", "name", "description", "is_public", "group_id", "status", "created_at", "updated_at", "deleted_at") VALUES (38, '/api/v1/encryption/recovery-key', 'GET', 'GET encryption / recovery key', NULL, 'f', NULL, 1, '2025-12-31 12:16:59.28+08', '2025-12-31 12:16:59.28+08', NULL);
INSERT INTO "public"."api_permissions" ("id", "path", "method", "name", "description", "is_public", "group_id", "status", "created_at", "updated_at", "deleted_at") VALUES (39, '/api/v1/files/oss/:id', 'DELETE', 'DELETE files / oss / [id]', NULL, 'f', NULL, 1, '2025-12-31 12:16:59.281+08', '2025-12-31 12:16:59.281+08', NULL);
INSERT INTO "public"."api_permissions" ("id", "path", "method", "name", "description", "is_public", "group_id", "status", "created_at", "updated_at", "deleted_at") VALUES (40, '/api/v1/files/oss/download-url', 'POST', 'POST files / oss / download url', NULL, 'f', NULL, 1, '2025-12-31 12:16:59.282+08', '2025-12-31 12:16:59.282+08', NULL);
INSERT INTO "public"."api_permissions" ("id", "path", "method", "name", "description", "is_public", "group_id", "status", "created_at", "updated_at", "deleted_at") VALUES (41, '/api/v1/files/oss/file-list', '*', '* files / oss / file list', NULL, 'f', NULL, 1, '2025-12-31 12:16:59.284+08', '2025-12-31 12:16:59.284+08', NULL);
INSERT INTO "public"."api_permissions" ("id", "path", "method", "name", "description", "is_public", "group_id", "status", "created_at", "updated_at", "deleted_at") VALUES (42, '/api/v1/memberships/benefits', 'GET', 'GET memberships / benefits', NULL, 'f', NULL, 1, '2025-12-31 12:16:59.286+08', '2025-12-31 12:16:59.286+08', NULL);
INSERT INTO "public"."api_permissions" ("id", "path", "method", "name", "description", "is_public", "group_id", "status", "created_at", "updated_at", "deleted_at") VALUES (43, '/api/v1/memberships/history', 'GET', 'GET memberships / history', NULL, 'f', NULL, 1, '2025-12-31 12:16:59.288+08', '2025-12-31 12:16:59.288+08', NULL);
INSERT INTO "public"."api_permissions" ("id", "path", "method", "name", "description", "is_public", "group_id", "status", "created_at", "updated_at", "deleted_at") VALUES (44, '/api/v1/memberships/levels', 'GET', 'GET memberships / levels', NULL, 'f', NULL, 1, '2025-12-31 12:16:59.29+08', '2025-12-31 12:16:59.29+08', NULL);
INSERT INTO "public"."api_permissions" ("id", "path", "method", "name", "description", "is_public", "group_id", "status", "created_at", "updated_at", "deleted_at") VALUES (45, '/api/v1/memberships/levels/:id', 'GET', 'GET memberships / levels / [id]', NULL, 'f', NULL, 1, '2025-12-31 12:16:59.291+08', '2025-12-31 12:16:59.291+08', NULL);
INSERT INTO "public"."api_permissions" ("id", "path", "method", "name", "description", "is_public", "group_id", "status", "created_at", "updated_at", "deleted_at") VALUES (46, '/api/v1/memberships/me', 'GET', 'GET memberships / me', NULL, 'f', NULL, 1, '2025-12-31 12:16:59.293+08', '2025-12-31 12:16:59.293+08', NULL);
INSERT INTO "public"."api_permissions" ("id", "path", "method", "name", "description", "is_public", "group_id", "status", "created_at", "updated_at", "deleted_at") VALUES (47, '/api/v1/memberships/upgrade', 'POST', 'POST memberships / upgrade', NULL, 'f', NULL, 1, '2025-12-31 12:16:59.295+08', '2025-12-31 12:16:59.295+08', NULL);
INSERT INTO "public"."api_permissions" ("id", "path", "method", "name", "description", "is_public", "group_id", "status", "created_at", "updated_at", "deleted_at") VALUES (48, '/api/v1/memberships/upgrade/calculate', 'POST', 'POST memberships / upgrade / calculate', NULL, 'f', NULL, 1, '2025-12-31 12:16:59.296+08', '2025-12-31 12:16:59.296+08', NULL);
INSERT INTO "public"."api_permissions" ("id", "path", "method", "name", "description", "is_public", "group_id", "status", "created_at", "updated_at", "deleted_at") VALUES (49, '/api/v1/memberships/upgrade/options', 'GET', 'GET memberships / upgrade / options', NULL, 'f', NULL, 1, '2025-12-31 12:16:59.297+08', '2025-12-31 12:16:59.297+08', NULL);
INSERT INTO "public"."api_permissions" ("id", "path", "method", "name", "description", "is_public", "group_id", "status", "created_at", "updated_at", "deleted_at") VALUES (50, '/api/v1/memberships/upgrade/pay', 'POST', 'POST memberships / upgrade / pay', NULL, 'f', NULL, 1, '2025-12-31 12:16:59.299+08', '2025-12-31 12:16:59.299+08', NULL);
INSERT INTO "public"."api_permissions" ("id", "path", "method", "name", "description", "is_public", "group_id", "status", "created_at", "updated_at", "deleted_at") VALUES (51, '/api/v1/memberships/upgrade/records', 'GET', 'GET memberships / upgrade / records', NULL, 'f', NULL, 1, '2025-12-31 12:16:59.3+08', '2025-12-31 12:16:59.3+08', NULL);
INSERT INTO "public"."api_permissions" ("id", "path", "method", "name", "description", "is_public", "group_id", "status", "created_at", "updated_at", "deleted_at") VALUES (52, '/api/v1/payments/callback/wechat', 'POST', 'POST payments / callback / wechat', NULL, 't', NULL, 1, '2025-12-31 12:16:59.302+08', '2025-12-31 12:16:59.302+08', NULL);
INSERT INTO "public"."api_permissions" ("id", "path", "method", "name", "description", "is_public", "group_id", "status", "created_at", "updated_at", "deleted_at") VALUES (53, '/api/v1/payments/create', 'POST', 'POST payments / create', NULL, 'f', NULL, 1, '2025-12-31 12:16:59.303+08', '2025-12-31 12:16:59.303+08', NULL);
INSERT INTO "public"."api_permissions" ("id", "path", "method", "name", "description", "is_public", "group_id", "status", "created_at", "updated_at", "deleted_at") VALUES (54, '/api/v1/payments/orders', 'GET', 'GET payments / orders', NULL, 'f', NULL, 1, '2025-12-31 12:16:59.304+08', '2025-12-31 12:16:59.304+08', NULL);
INSERT INTO "public"."api_permissions" ("id", "path", "method", "name", "description", "is_public", "group_id", "status", "created_at", "updated_at", "deleted_at") VALUES (55, '/api/v1/payments/orders/[id]/cancel', 'POST', 'POST payments / orders / [id] / cancel', NULL, 'f', NULL, 1, '2025-12-31 12:16:59.305+08', '2025-12-31 12:16:59.305+08', NULL);
INSERT INTO "public"."api_permissions" ("id", "path", "method", "name", "description", "is_public", "group_id", "status", "created_at", "updated_at", "deleted_at") VALUES (56, '/api/v1/payments/orders/[id]/pay', 'POST', 'POST payments / orders / [id] / pay', NULL, 'f', NULL, 1, '2025-12-31 12:16:59.307+08', '2025-12-31 12:16:59.307+08', NULL);
INSERT INTO "public"."api_permissions" ("id", "path", "method", "name", "description", "is_public", "group_id", "status", "created_at", "updated_at", "deleted_at") VALUES (57, '/api/v1/payments/query', 'GET', 'GET payments / query', NULL, 'f', NULL, 1, '2025-12-31 12:16:59.309+08', '2025-12-31 12:16:59.309+08', NULL);
INSERT INTO "public"."api_permissions" ("id", "path", "method", "name", "description", "is_public", "group_id", "status", "created_at", "updated_at", "deleted_at") VALUES (58, '/api/v1/points/info', 'GET', 'GET points / info', NULL, 'f', NULL, 1, '2025-12-31 12:16:59.311+08', '2025-12-31 12:16:59.311+08', NULL);
INSERT INTO "public"."api_permissions" ("id", "path", "method", "name", "description", "is_public", "group_id", "status", "created_at", "updated_at", "deleted_at") VALUES (59, '/api/v1/points/records', 'GET', 'GET points / records', NULL, 'f', NULL, 1, '2025-12-31 12:16:59.312+08', '2025-12-31 12:16:59.312+08', NULL);
INSERT INTO "public"."api_permissions" ("id", "path", "method", "name", "description", "is_public", "group_id", "status", "created_at", "updated_at", "deleted_at") VALUES (60, '/api/v1/points/usage', 'GET', 'GET points / usage', NULL, 'f', NULL, 1, '2025-12-31 12:16:59.313+08', '2025-12-31 12:16:59.313+08', NULL);
INSERT INTO "public"."api_permissions" ("id", "path", "method", "name", "description", "is_public", "group_id", "status", "created_at", "updated_at", "deleted_at") VALUES (61, '/api/v1/products', 'GET', 'GET products', NULL, 'f', NULL, 1, '2025-12-31 12:16:59.315+08', '2025-12-31 12:16:59.315+08', NULL);
INSERT INTO "public"."api_permissions" ("id", "path", "method", "name", "description", "is_public", "group_id", "status", "created_at", "updated_at", "deleted_at") VALUES (62, '/api/v1/products/:id', 'GET', 'GET products / [id]', NULL, 'f', NULL, 1, '2025-12-31 12:16:59.316+08', '2025-12-31 12:16:59.316+08', NULL);
INSERT INTO "public"."api_permissions" ("id", "path", "method", "name", "description", "is_public", "group_id", "status", "created_at", "updated_at", "deleted_at") VALUES (63, '/api/v1/redemption-codes/info', 'GET', 'GET redemption codes / info', NULL, 'f', NULL, 1, '2025-12-31 12:16:59.318+08', '2025-12-31 12:16:59.318+08', NULL);
INSERT INTO "public"."api_permissions" ("id", "path", "method", "name", "description", "is_public", "group_id", "status", "created_at", "updated_at", "deleted_at") VALUES (64, '/api/v1/redemption-codes/me', 'GET', 'GET redemption codes / me', NULL, 'f', NULL, 1, '2025-12-31 12:16:59.32+08', '2025-12-31 12:16:59.32+08', NULL);
INSERT INTO "public"."api_permissions" ("id", "path", "method", "name", "description", "is_public", "group_id", "status", "created_at", "updated_at", "deleted_at") VALUES (65, '/api/v1/redemption-codes/redeem', 'POST', 'POST redemption codes / redeem', NULL, 'f', NULL, 1, '2025-12-31 12:16:59.321+08', '2025-12-31 12:16:59.321+08', NULL);
INSERT INTO "public"."api_permissions" ("id", "path", "method", "name", "description", "is_public", "group_id", "status", "created_at", "updated_at", "deleted_at") VALUES (66, '/api/v1/sms/send', 'POST', 'POST sms / send', NULL, 'f', NULL, 1, '2025-12-31 12:16:59.323+08', '2025-12-31 12:16:59.323+08', NULL);
INSERT INTO "public"."api_permissions" ("id", "path", "method", "name", "description", "is_public", "group_id", "status", "created_at", "updated_at", "deleted_at") VALUES (67, '/api/v1/storage/callback', 'POST', 'POST storage / callback', NULL, 't', NULL, 1, '2025-12-31 12:16:59.324+08', '2025-12-31 12:16:59.324+08', NULL);
INSERT INTO "public"."api_permissions" ("id", "path", "method", "name", "description", "is_public", "group_id", "status", "created_at", "updated_at", "deleted_at") VALUES (68, '/api/v1/storage/config', 'GET', 'GET storage / config', NULL, 'f', NULL, 1, '2025-12-31 12:16:59.326+08', '2025-12-31 12:16:59.326+08', NULL);
INSERT INTO "public"."api_permissions" ("id", "path", "method", "name", "description", "is_public", "group_id", "status", "created_at", "updated_at", "deleted_at") VALUES (69, '/api/v1/storage/config', 'POST', 'POST storage / config', NULL, 'f', NULL, 1, '2025-12-31 12:16:59.327+08', '2025-12-31 12:16:59.327+08', NULL);
INSERT INTO "public"."api_permissions" ("id", "path", "method", "name", "description", "is_public", "group_id", "status", "created_at", "updated_at", "deleted_at") VALUES (70, '/api/v1/storage/config/:id', 'DELETE', 'DELETE storage / config / [id]', NULL, 'f', NULL, 1, '2025-12-31 12:16:59.328+08', '2025-12-31 12:16:59.328+08', NULL);
INSERT INTO "public"."api_permissions" ("id", "path", "method", "name", "description", "is_public", "group_id", "status", "created_at", "updated_at", "deleted_at") VALUES (71, '/api/v1/storage/config/:id', 'PUT', 'PUT storage / config / [id]', NULL, 'f', NULL, 1, '2025-12-31 12:16:59.33+08', '2025-12-31 12:16:59.33+08', NULL);
INSERT INTO "public"."api_permissions" ("id", "path", "method", "name", "description", "is_public", "group_id", "status", "created_at", "updated_at", "deleted_at") VALUES (72, '/api/v1/storage/config/test', 'POST', 'POST storage / config / test', NULL, 'f', NULL, 1, '2025-12-31 12:16:59.331+08', '2025-12-31 12:16:59.331+08', NULL);
INSERT INTO "public"."api_permissions" ("id", "path", "method", "name", "description", "is_public", "group_id", "status", "created_at", "updated_at", "deleted_at") VALUES (73, '/api/v1/storage/presigned-url', 'GET', 'GET storage / presigned url', NULL, 'f', NULL, 1, '2025-12-31 12:16:59.333+08', '2025-12-31 12:16:59.333+08', NULL);
INSERT INTO "public"."api_permissions" ("id", "path", "method", "name", "description", "is_public", "group_id", "status", "created_at", "updated_at", "deleted_at") VALUES (74, '/api/v1/storage/presigned-url', 'POST', 'POST storage / presigned url', NULL, 'f', NULL, 1, '2025-12-31 12:16:59.335+08', '2025-12-31 12:16:59.335+08', NULL);
INSERT INTO "public"."api_permissions" ("id", "path", "method", "name", "description", "is_public", "group_id", "status", "created_at", "updated_at", "deleted_at") VALUES (75, '/api/v1/storage/presigned-url/config', 'GET', 'GET storage / presigned url / config', NULL, 'f', NULL, 1, '2025-12-31 12:16:59.337+08', '2025-12-31 12:16:59.337+08', NULL);
INSERT INTO "public"."api_permissions" ("id", "path", "method", "name", "description", "is_public", "group_id", "status", "created_at", "updated_at", "deleted_at") VALUES (76, '/api/v1/users/invitees', 'GET', 'GET users / invitees', NULL, 'f', NULL, 1, '2025-12-31 12:16:59.338+08', '2025-12-31 12:16:59.338+08', NULL);
INSERT INTO "public"."api_permissions" ("id", "path", "method", "name", "description", "is_public", "group_id", "status", "created_at", "updated_at", "deleted_at") VALUES (77, '/api/v1/users/me', 'GET', 'GET users / me', NULL, 'f', NULL, 1, '2025-12-31 12:16:59.34+08', '2025-12-31 12:16:59.34+08', NULL);
INSERT INTO "public"."api_permissions" ("id", "path", "method", "name", "description", "is_public", "group_id", "status", "created_at", "updated_at", "deleted_at") VALUES (78, '/api/v1/users/password', 'PUT', 'PUT users / password', NULL, 'f', NULL, 1, '2025-12-31 12:16:59.342+08', '2025-12-31 12:16:59.342+08', NULL);
INSERT INTO "public"."api_permissions" ("id", "path", "method", "name", "description", "is_public", "group_id", "status", "created_at", "updated_at", "deleted_at") VALUES (79, '/api/v1/users/permissions', 'GET', 'GET users / permissions', NULL, 'f', NULL, 1, '2025-12-31 12:16:59.343+08', '2025-12-31 12:16:59.343+08', NULL);
INSERT INTO "public"."api_permissions" ("id", "path", "method", "name", "description", "is_public", "group_id", "status", "created_at", "updated_at", "deleted_at") VALUES (80, '/api/v1/users/profile', 'PUT', 'PUT users / profile', NULL, 'f', NULL, 1, '2025-12-31 12:16:59.345+08', '2025-12-31 12:16:59.345+08', NULL);
INSERT INTO "public"."api_permissions" ("id", "path", "method", "name", "description", "is_public", "group_id", "status", "created_at", "updated_at", "deleted_at") VALUES (81, '/api/v1/users/roles', 'GET', 'GET users / roles', NULL, 'f', NULL, 1, '2025-12-31 12:16:59.346+08', '2025-12-31 12:16:59.346+08', NULL);
INSERT INTO "public"."api_permissions" ("id", "path", "method", "name", "description", "is_public", "group_id", "status", "created_at", "updated_at", "deleted_at") VALUES (82, '/api/v1/users/routers', 'GET', 'GET users / routers', NULL, 'f', NULL, 1, '2025-12-31 12:16:59.347+08', '2025-12-31 12:16:59.347+08', NULL);
INSERT INTO "public"."api_permissions" ("id", "path", "method", "name", "description", "is_public", "group_id", "status", "created_at", "updated_at", "deleted_at") VALUES (83, '/api/v1/admin/redemption-codes', 'GET', 'GET admin / redemption codes', NULL, 'f', NULL, 1, '2026-01-02 04:08:22.102+08', '2026-01-02 04:08:22.102+08', NULL);
INSERT INTO "public"."api_permissions" ("id", "path", "method", "name", "description", "is_public", "group_id", "status", "created_at", "updated_at", "deleted_at") VALUES (84, '/api/v1/admin/redemption-codes', 'POST', 'POST admin / redemption codes', NULL, 'f', NULL, 1, '2026-01-02 04:08:22.104+08', '2026-01-02 04:08:22.104+08', NULL);
INSERT INTO "public"."api_permissions" ("id", "path", "method", "name", "description", "is_public", "group_id", "status", "created_at", "updated_at", "deleted_at") VALUES (85, '/api/v1/admin/redemption-codes/[id]/invalidate', 'PUT', 'PUT admin / redemption codes / [id] / invalidate', NULL, 'f', NULL, 1, '2026-01-02 04:08:22.105+08', '2026-01-02 04:08:22.105+08', NULL);
INSERT INTO "public"."api_permissions" ("id", "path", "method", "name", "description", "is_public", "group_id", "status", "created_at", "updated_at", "deleted_at") VALUES (86, '/api/v1/admin/redemption-codes/export', 'GET', 'GET admin / redemption codes / export', NULL, 'f', NULL, 1, '2026-01-02 04:08:22.106+08', '2026-01-02 04:08:22.106+08', NULL);
INSERT INTO "public"."api_permissions" ("id", "path", "method", "name", "description", "is_public", "group_id", "status", "created_at", "updated_at", "deleted_at") VALUES (87, '/api/v1/admin/redemption-codes/records', 'GET', 'GET admin / redemption codes / records', NULL, 'f', NULL, 1, '2026-01-02 04:08:22.107+08', '2026-01-02 04:08:22.107+08', NULL);
INSERT INTO "public"."api_permissions" ("id", "path", "method", "name", "description", "is_public", "group_id", "status", "created_at", "updated_at", "deleted_at") VALUES (88, '/api/v1/wechat/auth-callback', 'GET', 'GET wechat / auth callback', NULL, 't', NULL, 1, '2026-01-02 04:08:22.108+08', '2026-01-02 04:08:22.108+08', NULL);
INSERT INTO "public"."api_permissions" ("id", "path", "method", "name", "description", "is_public", "group_id", "status", "created_at", "updated_at", "deleted_at") VALUES (89, '/api/v1/wechat/openid', 'POST', 'POST wechat / openid', NULL, 't', NULL, 1, '2026-01-02 04:08:22.109+08', '2026-01-02 04:08:22.109+08', NULL);
INSERT INTO "public"."api_permissions" ("id", "path", "method", "name", "description", "is_public", "group_id", "status", "created_at", "updated_at", "deleted_at") VALUES (90, '/api/v1/users/benefits', 'GET', 'GET users / benefits', NULL, 'f', NULL, 1, '2026-01-03 08:08:03.584+08', '2026-01-03 08:08:03.584+08', NULL);
INSERT INTO "public"."api_permissions" ("id", "path", "method", "name", "description", "is_public", "group_id", "status", "created_at", "updated_at", "deleted_at") VALUES (91, '/api/v1/users/benefits/:benefitCode', 'GET', 'GET users / benefits / [benefitCode]', NULL, 'f', NULL, 1, '2026-01-03 08:08:03.594+08', '2026-01-03 08:08:03.594+08', NULL);
INSERT INTO "public"."api_permissions" ("id", "path", "method", "name", "description", "is_public", "group_id", "status", "created_at", "updated_at", "deleted_at") VALUES (92, '/api/v1/admin/benefits', 'GET', 'GET admin / benefits', NULL, 'f', NULL, 1, '2026-01-03 11:30:34.48+08', '2026-01-03 11:30:34.48+08', NULL);
INSERT INTO "public"."api_permissions" ("id", "path", "method", "name", "description", "is_public", "group_id", "status", "created_at", "updated_at", "deleted_at") VALUES (93, '/api/v1/admin/benefits', 'POST', 'POST admin / benefits', NULL, 'f', NULL, 1, '2026-01-03 11:30:34.485+08', '2026-01-03 11:30:34.485+08', NULL);
INSERT INTO "public"."api_permissions" ("id", "path", "method", "name", "description", "is_public", "group_id", "status", "created_at", "updated_at", "deleted_at") VALUES (94, '/api/v1/admin/benefits/:id', 'DELETE', 'DELETE admin / benefits / [id]', NULL, 'f', NULL, 1, '2026-01-03 11:30:34.487+08', '2026-01-03 11:30:34.487+08', NULL);
INSERT INTO "public"."api_permissions" ("id", "path", "method", "name", "description", "is_public", "group_id", "status", "created_at", "updated_at", "deleted_at") VALUES (95, '/api/v1/admin/benefits/:id', 'PUT', 'PUT admin / benefits / [id]', NULL, 'f', NULL, 1, '2026-01-03 11:30:34.489+08', '2026-01-03 11:30:34.489+08', NULL);
INSERT INTO "public"."api_permissions" ("id", "path", "method", "name", "description", "is_public", "group_id", "status", "created_at", "updated_at", "deleted_at") VALUES (96, '/api/v1/admin/benefits/[id]/status', 'PUT', 'PUT admin / benefits / [id] / status', NULL, 'f', NULL, 1, '2026-01-03 11:30:34.491+08', '2026-01-03 11:30:34.491+08', NULL);
INSERT INTO "public"."api_permissions" ("id", "path", "method", "name", "description", "is_public", "group_id", "status", "created_at", "updated_at", "deleted_at") VALUES (97, '/api/v1/admin/membership-benefits', 'GET', 'GET admin / membership benefits', NULL, 'f', NULL, 1, '2026-01-03 11:30:34.492+08', '2026-01-03 11:30:34.492+08', NULL);
INSERT INTO "public"."api_permissions" ("id", "path", "method", "name", "description", "is_public", "group_id", "status", "created_at", "updated_at", "deleted_at") VALUES (98, '/api/v1/admin/membership-benefits/:levelId', 'PUT', 'PUT admin / membership benefits / [levelId]', NULL, 'f', NULL, 1, '2026-01-03 11:30:34.494+08', '2026-01-03 11:30:34.494+08', NULL);
INSERT INTO "public"."api_permissions" ("id", "path", "method", "name", "description", "is_public", "group_id", "status", "created_at", "updated_at", "deleted_at") VALUES (99, '/api/v1/admin/users/[id]/benefits', 'GET', 'GET admin / users / [id] / benefits', NULL, 'f', NULL, 1, '2026-01-03 11:30:34.496+08', '2026-01-03 11:30:34.496+08', NULL);
INSERT INTO "public"."api_permissions" ("id", "path", "method", "name", "description", "is_public", "group_id", "status", "created_at", "updated_at", "deleted_at") VALUES (100, '/api/v1/admin/users/[id]/benefits', 'POST', 'POST admin / users / [id] / benefits', NULL, 'f', NULL, 1, '2026-01-03 11:30:34.497+08', '2026-01-03 11:30:34.497+08', NULL);
INSERT INTO "public"."api_permissions" ("id", "path", "method", "name", "description", "is_public", "group_id", "status", "created_at", "updated_at", "deleted_at") VALUES (101, '/api/v1/admin/users/[id]/benefits/[benefitId]/disable', 'PUT', 'PUT admin / users / [id] / benefits / [benefitId] / disable', NULL, 'f', NULL, 1, '2026-01-03 11:30:34.499+08', '2026-01-03 11:30:34.499+08', NULL);
INSERT INTO "public"."api_permissions" ("id", "path", "method", "name", "description", "is_public", "group_id", "status", "created_at", "updated_at", "deleted_at") VALUES (102, '/api/v1/admin/users/search', 'GET', 'GET admin / users / search', NULL, 'f', NULL, 1, '2026-01-03 11:30:34.501+08', '2026-01-03 11:30:34.501+08', NULL);

-- 角色 API
INSERT INTO "public"."role_api_permissions" ("id", "role_id", "permission_id", "created_at", "updated_at", "deleted_at") VALUES (1, 1, 82, '2025-12-31 12:18:01.178+08', '2025-12-31 12:18:01.178+08', NULL);
INSERT INTO "public"."role_api_permissions" ("id", "role_id", "permission_id", "created_at", "updated_at", "deleted_at") VALUES (2, 1, 1, '2025-12-31 12:18:01.178+08', '2025-12-31 12:18:01.178+08', NULL);
INSERT INTO "public"."role_api_permissions" ("id", "role_id", "permission_id", "created_at", "updated_at", "deleted_at") VALUES (3, 1, 27, '2025-12-31 12:18:01.178+08', '2025-12-31 12:18:01.178+08', NULL);
INSERT INTO "public"."role_api_permissions" ("id", "role_id", "permission_id", "created_at", "updated_at", "deleted_at") VALUES (4, 1, 28, '2025-12-31 12:18:01.178+08', '2025-12-31 12:18:01.178+08', NULL);
INSERT INTO "public"."role_api_permissions" ("id", "role_id", "permission_id", "created_at", "updated_at", "deleted_at") VALUES (5, 1, 29, '2025-12-31 12:18:01.178+08', '2025-12-31 12:18:01.178+08', NULL);
INSERT INTO "public"."role_api_permissions" ("id", "role_id", "permission_id", "created_at", "updated_at", "deleted_at") VALUES (6, 1, 30, '2025-12-31 12:18:01.178+08', '2025-12-31 12:18:01.178+08', NULL);
INSERT INTO "public"."role_api_permissions" ("id", "role_id", "permission_id", "created_at", "updated_at", "deleted_at") VALUES (7, 1, 31, '2025-12-31 12:18:01.178+08', '2025-12-31 12:18:01.178+08', NULL);
INSERT INTO "public"."role_api_permissions" ("id", "role_id", "permission_id", "created_at", "updated_at", "deleted_at") VALUES (8, 1, 32, '2025-12-31 12:18:01.178+08', '2025-12-31 12:18:01.178+08', NULL);
INSERT INTO "public"."role_api_permissions" ("id", "role_id", "permission_id", "created_at", "updated_at", "deleted_at") VALUES (9, 1, 33, '2025-12-31 12:18:01.178+08', '2025-12-31 12:18:01.178+08', NULL);
INSERT INTO "public"."role_api_permissions" ("id", "role_id", "permission_id", "created_at", "updated_at", "deleted_at") VALUES (10, 1, 34, '2025-12-31 12:18:01.178+08', '2025-12-31 12:18:01.178+08', NULL);
INSERT INTO "public"."role_api_permissions" ("id", "role_id", "permission_id", "created_at", "updated_at", "deleted_at") VALUES (11, 1, 35, '2025-12-31 12:18:01.178+08', '2025-12-31 12:18:01.178+08', NULL);
INSERT INTO "public"."role_api_permissions" ("id", "role_id", "permission_id", "created_at", "updated_at", "deleted_at") VALUES (12, 1, 36, '2025-12-31 12:18:01.178+08', '2025-12-31 12:18:01.178+08', NULL);
INSERT INTO "public"."role_api_permissions" ("id", "role_id", "permission_id", "created_at", "updated_at", "deleted_at") VALUES (13, 1, 37, '2025-12-31 12:18:01.178+08', '2025-12-31 12:18:01.178+08', NULL);
INSERT INTO "public"."role_api_permissions" ("id", "role_id", "permission_id", "created_at", "updated_at", "deleted_at") VALUES (14, 1, 38, '2025-12-31 12:18:01.178+08', '2025-12-31 12:18:01.178+08', NULL);
INSERT INTO "public"."role_api_permissions" ("id", "role_id", "permission_id", "created_at", "updated_at", "deleted_at") VALUES (15, 1, 40, '2025-12-31 12:18:01.178+08', '2025-12-31 12:18:01.178+08', NULL);
INSERT INTO "public"."role_api_permissions" ("id", "role_id", "permission_id", "created_at", "updated_at", "deleted_at") VALUES (16, 1, 41, '2025-12-31 12:18:01.178+08', '2025-12-31 12:18:01.178+08', NULL);
INSERT INTO "public"."role_api_permissions" ("id", "role_id", "permission_id", "created_at", "updated_at", "deleted_at") VALUES (17, 1, 39, '2025-12-31 12:18:01.178+08', '2025-12-31 12:18:01.178+08', NULL);
INSERT INTO "public"."role_api_permissions" ("id", "role_id", "permission_id", "created_at", "updated_at", "deleted_at") VALUES (18, 1, 42, '2025-12-31 12:18:01.178+08', '2025-12-31 12:18:01.178+08', NULL);
INSERT INTO "public"."role_api_permissions" ("id", "role_id", "permission_id", "created_at", "updated_at", "deleted_at") VALUES (19, 1, 43, '2025-12-31 12:18:01.178+08', '2025-12-31 12:18:01.178+08', NULL);
INSERT INTO "public"."role_api_permissions" ("id", "role_id", "permission_id", "created_at", "updated_at", "deleted_at") VALUES (20, 1, 44, '2025-12-31 12:18:01.178+08', '2025-12-31 12:18:01.178+08', NULL);
INSERT INTO "public"."role_api_permissions" ("id", "role_id", "permission_id", "created_at", "updated_at", "deleted_at") VALUES (21, 1, 45, '2025-12-31 12:18:01.178+08', '2025-12-31 12:18:01.178+08', NULL);
INSERT INTO "public"."role_api_permissions" ("id", "role_id", "permission_id", "created_at", "updated_at", "deleted_at") VALUES (22, 1, 46, '2025-12-31 12:18:01.178+08', '2025-12-31 12:18:01.178+08', NULL);
INSERT INTO "public"."role_api_permissions" ("id", "role_id", "permission_id", "created_at", "updated_at", "deleted_at") VALUES (23, 1, 47, '2025-12-31 12:18:01.178+08', '2025-12-31 12:18:01.178+08', NULL);
INSERT INTO "public"."role_api_permissions" ("id", "role_id", "permission_id", "created_at", "updated_at", "deleted_at") VALUES (24, 1, 48, '2025-12-31 12:18:01.178+08', '2025-12-31 12:18:01.178+08', NULL);
INSERT INTO "public"."role_api_permissions" ("id", "role_id", "permission_id", "created_at", "updated_at", "deleted_at") VALUES (25, 1, 49, '2025-12-31 12:18:01.178+08', '2025-12-31 12:18:01.178+08', NULL);
INSERT INTO "public"."role_api_permissions" ("id", "role_id", "permission_id", "created_at", "updated_at", "deleted_at") VALUES (26, 1, 50, '2025-12-31 12:18:01.178+08', '2025-12-31 12:18:01.178+08', NULL);
INSERT INTO "public"."role_api_permissions" ("id", "role_id", "permission_id", "created_at", "updated_at", "deleted_at") VALUES (27, 1, 51, '2025-12-31 12:18:01.178+08', '2025-12-31 12:18:01.178+08', NULL);
INSERT INTO "public"."role_api_permissions" ("id", "role_id", "permission_id", "created_at", "updated_at", "deleted_at") VALUES (28, 1, 52, '2025-12-31 12:18:01.178+08', '2025-12-31 12:18:01.178+08', NULL);
INSERT INTO "public"."role_api_permissions" ("id", "role_id", "permission_id", "created_at", "updated_at", "deleted_at") VALUES (29, 1, 53, '2025-12-31 12:18:01.178+08', '2025-12-31 12:18:01.178+08', NULL);
INSERT INTO "public"."role_api_permissions" ("id", "role_id", "permission_id", "created_at", "updated_at", "deleted_at") VALUES (30, 1, 54, '2025-12-31 12:18:01.178+08', '2025-12-31 12:18:01.178+08', NULL);
INSERT INTO "public"."role_api_permissions" ("id", "role_id", "permission_id", "created_at", "updated_at", "deleted_at") VALUES (31, 1, 55, '2025-12-31 12:18:01.178+08', '2025-12-31 12:18:01.178+08', NULL);
INSERT INTO "public"."role_api_permissions" ("id", "role_id", "permission_id", "created_at", "updated_at", "deleted_at") VALUES (32, 1, 56, '2025-12-31 12:18:01.178+08', '2025-12-31 12:18:01.178+08', NULL);
INSERT INTO "public"."role_api_permissions" ("id", "role_id", "permission_id", "created_at", "updated_at", "deleted_at") VALUES (33, 1, 57, '2025-12-31 12:18:01.178+08', '2025-12-31 12:18:01.178+08', NULL);
INSERT INTO "public"."role_api_permissions" ("id", "role_id", "permission_id", "created_at", "updated_at", "deleted_at") VALUES (34, 1, 58, '2025-12-31 12:18:01.178+08', '2025-12-31 12:18:01.178+08', NULL);
INSERT INTO "public"."role_api_permissions" ("id", "role_id", "permission_id", "created_at", "updated_at", "deleted_at") VALUES (35, 1, 59, '2025-12-31 12:18:01.178+08', '2025-12-31 12:18:01.178+08', NULL);
INSERT INTO "public"."role_api_permissions" ("id", "role_id", "permission_id", "created_at", "updated_at", "deleted_at") VALUES (36, 1, 60, '2025-12-31 12:18:01.178+08', '2025-12-31 12:18:01.178+08', NULL);
INSERT INTO "public"."role_api_permissions" ("id", "role_id", "permission_id", "created_at", "updated_at", "deleted_at") VALUES (37, 1, 61, '2025-12-31 12:18:01.178+08', '2025-12-31 12:18:01.178+08', NULL);
INSERT INTO "public"."role_api_permissions" ("id", "role_id", "permission_id", "created_at", "updated_at", "deleted_at") VALUES (38, 1, 62, '2025-12-31 12:18:01.178+08', '2025-12-31 12:18:01.178+08', NULL);
INSERT INTO "public"."role_api_permissions" ("id", "role_id", "permission_id", "created_at", "updated_at", "deleted_at") VALUES (39, 1, 63, '2025-12-31 12:18:01.178+08', '2025-12-31 12:18:01.178+08', NULL);
INSERT INTO "public"."role_api_permissions" ("id", "role_id", "permission_id", "created_at", "updated_at", "deleted_at") VALUES (40, 1, 64, '2025-12-31 12:18:01.178+08', '2025-12-31 12:18:01.178+08', NULL);
INSERT INTO "public"."role_api_permissions" ("id", "role_id", "permission_id", "created_at", "updated_at", "deleted_at") VALUES (41, 1, 65, '2025-12-31 12:18:01.178+08', '2025-12-31 12:18:01.178+08', NULL);
INSERT INTO "public"."role_api_permissions" ("id", "role_id", "permission_id", "created_at", "updated_at", "deleted_at") VALUES (42, 1, 66, '2025-12-31 12:18:01.178+08', '2025-12-31 12:18:01.178+08', NULL);
INSERT INTO "public"."role_api_permissions" ("id", "role_id", "permission_id", "created_at", "updated_at", "deleted_at") VALUES (43, 1, 67, '2025-12-31 12:18:01.178+08', '2025-12-31 12:18:01.178+08', NULL);
INSERT INTO "public"."role_api_permissions" ("id", "role_id", "permission_id", "created_at", "updated_at", "deleted_at") VALUES (44, 1, 68, '2025-12-31 12:18:01.178+08', '2025-12-31 12:18:01.178+08', NULL);
INSERT INTO "public"."role_api_permissions" ("id", "role_id", "permission_id", "created_at", "updated_at", "deleted_at") VALUES (45, 1, 69, '2025-12-31 12:18:01.178+08', '2025-12-31 12:18:01.178+08', NULL);
INSERT INTO "public"."role_api_permissions" ("id", "role_id", "permission_id", "created_at", "updated_at", "deleted_at") VALUES (46, 1, 70, '2025-12-31 12:18:01.178+08', '2025-12-31 12:18:01.178+08', NULL);
INSERT INTO "public"."role_api_permissions" ("id", "role_id", "permission_id", "created_at", "updated_at", "deleted_at") VALUES (47, 1, 71, '2025-12-31 12:18:01.178+08', '2025-12-31 12:18:01.178+08', NULL);
INSERT INTO "public"."role_api_permissions" ("id", "role_id", "permission_id", "created_at", "updated_at", "deleted_at") VALUES (48, 1, 72, '2025-12-31 12:18:01.178+08', '2025-12-31 12:18:01.178+08', NULL);
INSERT INTO "public"."role_api_permissions" ("id", "role_id", "permission_id", "created_at", "updated_at", "deleted_at") VALUES (49, 1, 73, '2025-12-31 12:18:01.178+08', '2025-12-31 12:18:01.178+08', NULL);
INSERT INTO "public"."role_api_permissions" ("id", "role_id", "permission_id", "created_at", "updated_at", "deleted_at") VALUES (50, 1, 74, '2025-12-31 12:18:01.178+08', '2025-12-31 12:18:01.178+08', NULL);
INSERT INTO "public"."role_api_permissions" ("id", "role_id", "permission_id", "created_at", "updated_at", "deleted_at") VALUES (51, 1, 75, '2025-12-31 12:18:01.178+08', '2025-12-31 12:18:01.178+08', NULL);
INSERT INTO "public"."role_api_permissions" ("id", "role_id", "permission_id", "created_at", "updated_at", "deleted_at") VALUES (52, 1, 76, '2025-12-31 12:18:01.178+08', '2025-12-31 12:18:01.178+08', NULL);
INSERT INTO "public"."role_api_permissions" ("id", "role_id", "permission_id", "created_at", "updated_at", "deleted_at") VALUES (53, 1, 77, '2025-12-31 12:18:01.178+08', '2025-12-31 12:18:01.178+08', NULL);
INSERT INTO "public"."role_api_permissions" ("id", "role_id", "permission_id", "created_at", "updated_at", "deleted_at") VALUES (54, 1, 78, '2025-12-31 12:18:01.178+08', '2025-12-31 12:18:01.178+08', NULL);
INSERT INTO "public"."role_api_permissions" ("id", "role_id", "permission_id", "created_at", "updated_at", "deleted_at") VALUES (55, 1, 79, '2025-12-31 12:18:01.178+08', '2025-12-31 12:18:01.178+08', NULL);
INSERT INTO "public"."role_api_permissions" ("id", "role_id", "permission_id", "created_at", "updated_at", "deleted_at") VALUES (56, 1, 80, '2025-12-31 12:18:01.178+08', '2025-12-31 12:18:01.178+08', NULL);
INSERT INTO "public"."role_api_permissions" ("id", "role_id", "permission_id", "created_at", "updated_at", "deleted_at") VALUES (57, 1, 81, '2025-12-31 12:18:01.178+08', '2025-12-31 12:18:01.178+08', NULL);
INSERT INTO "public"."role_api_permissions" ("id", "role_id", "permission_id", "created_at", "updated_at", "deleted_at") VALUES (58, 2, 1, '2025-12-31 12:17:29.402+08', '2025-12-31 12:17:29.402+08', NULL);
INSERT INTO "public"."role_api_permissions" ("id", "role_id", "permission_id", "created_at", "updated_at", "deleted_at") VALUES (59, 2, 27, '2025-12-31 12:17:29.402+08', '2025-12-31 12:17:29.402+08', NULL);
INSERT INTO "public"."role_api_permissions" ("id", "role_id", "permission_id", "created_at", "updated_at", "deleted_at") VALUES (60, 2, 28, '2025-12-31 12:17:29.402+08', '2025-12-31 12:17:29.402+08', NULL);
INSERT INTO "public"."role_api_permissions" ("id", "role_id", "permission_id", "created_at", "updated_at", "deleted_at") VALUES (61, 2, 29, '2025-12-31 12:17:29.402+08', '2025-12-31 12:17:29.402+08', NULL);
INSERT INTO "public"."role_api_permissions" ("id", "role_id", "permission_id", "created_at", "updated_at", "deleted_at") VALUES (62, 2, 30, '2025-12-31 12:17:29.402+08', '2025-12-31 12:17:29.402+08', NULL);
INSERT INTO "public"."role_api_permissions" ("id", "role_id", "permission_id", "created_at", "updated_at", "deleted_at") VALUES (63, 2, 31, '2025-12-31 12:17:29.402+08', '2025-12-31 12:17:29.402+08', NULL);
INSERT INTO "public"."role_api_permissions" ("id", "role_id", "permission_id", "created_at", "updated_at", "deleted_at") VALUES (64, 2, 32, '2025-12-31 12:17:29.402+08', '2025-12-31 12:17:29.402+08', NULL);
INSERT INTO "public"."role_api_permissions" ("id", "role_id", "permission_id", "created_at", "updated_at", "deleted_at") VALUES (65, 2, 33, '2025-12-31 12:17:29.402+08', '2025-12-31 12:17:29.402+08', NULL);
INSERT INTO "public"."role_api_permissions" ("id", "role_id", "permission_id", "created_at", "updated_at", "deleted_at") VALUES (66, 2, 34, '2025-12-31 12:17:29.402+08', '2025-12-31 12:17:29.402+08', NULL);
INSERT INTO "public"."role_api_permissions" ("id", "role_id", "permission_id", "created_at", "updated_at", "deleted_at") VALUES (67, 2, 35, '2025-12-31 12:17:29.402+08', '2025-12-31 12:17:29.402+08', NULL);
INSERT INTO "public"."role_api_permissions" ("id", "role_id", "permission_id", "created_at", "updated_at", "deleted_at") VALUES (68, 2, 36, '2025-12-31 12:17:29.402+08', '2025-12-31 12:17:29.402+08', NULL);
INSERT INTO "public"."role_api_permissions" ("id", "role_id", "permission_id", "created_at", "updated_at", "deleted_at") VALUES (69, 2, 37, '2025-12-31 12:17:29.402+08', '2025-12-31 12:17:29.402+08', NULL);
INSERT INTO "public"."role_api_permissions" ("id", "role_id", "permission_id", "created_at", "updated_at", "deleted_at") VALUES (70, 2, 38, '2025-12-31 12:17:29.402+08', '2025-12-31 12:17:29.402+08', NULL);
INSERT INTO "public"."role_api_permissions" ("id", "role_id", "permission_id", "created_at", "updated_at", "deleted_at") VALUES (71, 2, 40, '2025-12-31 12:17:29.402+08', '2025-12-31 12:17:29.402+08', NULL);
INSERT INTO "public"."role_api_permissions" ("id", "role_id", "permission_id", "created_at", "updated_at", "deleted_at") VALUES (72, 2, 41, '2025-12-31 12:17:29.402+08', '2025-12-31 12:17:29.402+08', NULL);
INSERT INTO "public"."role_api_permissions" ("id", "role_id", "permission_id", "created_at", "updated_at", "deleted_at") VALUES (73, 2, 39, '2025-12-31 12:17:29.402+08', '2025-12-31 12:17:29.402+08', NULL);
INSERT INTO "public"."role_api_permissions" ("id", "role_id", "permission_id", "created_at", "updated_at", "deleted_at") VALUES (74, 2, 42, '2025-12-31 12:17:29.402+08', '2025-12-31 12:17:29.402+08', NULL);
INSERT INTO "public"."role_api_permissions" ("id", "role_id", "permission_id", "created_at", "updated_at", "deleted_at") VALUES (75, 2, 43, '2025-12-31 12:17:29.402+08', '2025-12-31 12:17:29.402+08', NULL);
INSERT INTO "public"."role_api_permissions" ("id", "role_id", "permission_id", "created_at", "updated_at", "deleted_at") VALUES (76, 2, 44, '2025-12-31 12:17:29.402+08', '2025-12-31 12:17:29.402+08', NULL);
INSERT INTO "public"."role_api_permissions" ("id", "role_id", "permission_id", "created_at", "updated_at", "deleted_at") VALUES (77, 2, 45, '2025-12-31 12:17:29.402+08', '2025-12-31 12:17:29.402+08', NULL);
INSERT INTO "public"."role_api_permissions" ("id", "role_id", "permission_id", "created_at", "updated_at", "deleted_at") VALUES (78, 2, 46, '2025-12-31 12:17:29.402+08', '2025-12-31 12:17:29.402+08', NULL);
INSERT INTO "public"."role_api_permissions" ("id", "role_id", "permission_id", "created_at", "updated_at", "deleted_at") VALUES (79, 2, 47, '2025-12-31 12:17:29.402+08', '2025-12-31 12:17:29.402+08', NULL);
INSERT INTO "public"."role_api_permissions" ("id", "role_id", "permission_id", "created_at", "updated_at", "deleted_at") VALUES (80, 2, 48, '2025-12-31 12:17:29.402+08', '2025-12-31 12:17:29.402+08', NULL);
INSERT INTO "public"."role_api_permissions" ("id", "role_id", "permission_id", "created_at", "updated_at", "deleted_at") VALUES (81, 2, 49, '2025-12-31 12:17:29.402+08', '2025-12-31 12:17:29.402+08', NULL);
INSERT INTO "public"."role_api_permissions" ("id", "role_id", "permission_id", "created_at", "updated_at", "deleted_at") VALUES (82, 2, 50, '2025-12-31 12:17:29.402+08', '2025-12-31 12:17:29.402+08', NULL);
INSERT INTO "public"."role_api_permissions" ("id", "role_id", "permission_id", "created_at", "updated_at", "deleted_at") VALUES (83, 2, 51, '2025-12-31 12:17:29.402+08', '2025-12-31 12:17:29.402+08', NULL);
INSERT INTO "public"."role_api_permissions" ("id", "role_id", "permission_id", "created_at", "updated_at", "deleted_at") VALUES (84, 2, 52, '2025-12-31 12:17:29.402+08', '2025-12-31 12:17:29.402+08', NULL);
INSERT INTO "public"."role_api_permissions" ("id", "role_id", "permission_id", "created_at", "updated_at", "deleted_at") VALUES (85, 2, 53, '2025-12-31 12:17:29.402+08', '2025-12-31 12:17:29.402+08', NULL);
INSERT INTO "public"."role_api_permissions" ("id", "role_id", "permission_id", "created_at", "updated_at", "deleted_at") VALUES (86, 2, 54, '2025-12-31 12:17:29.402+08', '2025-12-31 12:17:29.402+08', NULL);
INSERT INTO "public"."role_api_permissions" ("id", "role_id", "permission_id", "created_at", "updated_at", "deleted_at") VALUES (87, 2, 55, '2025-12-31 12:17:29.402+08', '2025-12-31 12:17:29.402+08', NULL);
INSERT INTO "public"."role_api_permissions" ("id", "role_id", "permission_id", "created_at", "updated_at", "deleted_at") VALUES (88, 2, 56, '2025-12-31 12:17:29.402+08', '2025-12-31 12:17:29.402+08', NULL);
INSERT INTO "public"."role_api_permissions" ("id", "role_id", "permission_id", "created_at", "updated_at", "deleted_at") VALUES (89, 2, 57, '2025-12-31 12:17:29.402+08', '2025-12-31 12:17:29.402+08', NULL);
INSERT INTO "public"."role_api_permissions" ("id", "role_id", "permission_id", "created_at", "updated_at", "deleted_at") VALUES (90, 2, 58, '2025-12-31 12:17:29.402+08', '2025-12-31 12:17:29.402+08', NULL);
INSERT INTO "public"."role_api_permissions" ("id", "role_id", "permission_id", "created_at", "updated_at", "deleted_at") VALUES (91, 2, 59, '2025-12-31 12:17:29.402+08', '2025-12-31 12:17:29.402+08', NULL);
INSERT INTO "public"."role_api_permissions" ("id", "role_id", "permission_id", "created_at", "updated_at", "deleted_at") VALUES (92, 2, 60, '2025-12-31 12:17:29.402+08', '2025-12-31 12:17:29.402+08', NULL);
INSERT INTO "public"."role_api_permissions" ("id", "role_id", "permission_id", "created_at", "updated_at", "deleted_at") VALUES (93, 2, 61, '2025-12-31 12:17:29.402+08', '2025-12-31 12:17:29.402+08', NULL);
INSERT INTO "public"."role_api_permissions" ("id", "role_id", "permission_id", "created_at", "updated_at", "deleted_at") VALUES (94, 2, 62, '2025-12-31 12:17:29.402+08', '2025-12-31 12:17:29.402+08', NULL);
INSERT INTO "public"."role_api_permissions" ("id", "role_id", "permission_id", "created_at", "updated_at", "deleted_at") VALUES (95, 2, 63, '2025-12-31 12:17:29.402+08', '2025-12-31 12:17:29.402+08', NULL);
INSERT INTO "public"."role_api_permissions" ("id", "role_id", "permission_id", "created_at", "updated_at", "deleted_at") VALUES (96, 2, 64, '2025-12-31 12:17:29.402+08', '2025-12-31 12:17:29.402+08', NULL);
INSERT INTO "public"."role_api_permissions" ("id", "role_id", "permission_id", "created_at", "updated_at", "deleted_at") VALUES (97, 2, 65, '2025-12-31 12:17:29.402+08', '2025-12-31 12:17:29.402+08', NULL);
INSERT INTO "public"."role_api_permissions" ("id", "role_id", "permission_id", "created_at", "updated_at", "deleted_at") VALUES (98, 2, 66, '2025-12-31 12:17:29.402+08', '2025-12-31 12:17:29.402+08', NULL);
INSERT INTO "public"."role_api_permissions" ("id", "role_id", "permission_id", "created_at", "updated_at", "deleted_at") VALUES (99, 2, 67, '2025-12-31 12:17:29.402+08', '2025-12-31 12:17:29.402+08', NULL);
INSERT INTO "public"."role_api_permissions" ("id", "role_id", "permission_id", "created_at", "updated_at", "deleted_at") VALUES (100, 2, 68, '2025-12-31 12:17:29.402+08', '2025-12-31 12:17:29.402+08', NULL);
INSERT INTO "public"."role_api_permissions" ("id", "role_id", "permission_id", "created_at", "updated_at", "deleted_at") VALUES (101, 2, 69, '2025-12-31 12:17:29.402+08', '2025-12-31 12:17:29.402+08', NULL);
INSERT INTO "public"."role_api_permissions" ("id", "role_id", "permission_id", "created_at", "updated_at", "deleted_at") VALUES (102, 2, 70, '2025-12-31 12:17:29.402+08', '2025-12-31 12:17:29.402+08', NULL);
INSERT INTO "public"."role_api_permissions" ("id", "role_id", "permission_id", "created_at", "updated_at", "deleted_at") VALUES (103, 2, 71, '2025-12-31 12:17:29.402+08', '2025-12-31 12:17:29.402+08', NULL);
INSERT INTO "public"."role_api_permissions" ("id", "role_id", "permission_id", "created_at", "updated_at", "deleted_at") VALUES (104, 2, 72, '2025-12-31 12:17:29.402+08', '2025-12-31 12:17:29.402+08', NULL);
INSERT INTO "public"."role_api_permissions" ("id", "role_id", "permission_id", "created_at", "updated_at", "deleted_at") VALUES (105, 2, 73, '2025-12-31 12:17:29.402+08', '2025-12-31 12:17:29.402+08', NULL);
INSERT INTO "public"."role_api_permissions" ("id", "role_id", "permission_id", "created_at", "updated_at", "deleted_at") VALUES (106, 2, 74, '2025-12-31 12:17:29.402+08', '2025-12-31 12:17:29.402+08', NULL);
INSERT INTO "public"."role_api_permissions" ("id", "role_id", "permission_id", "created_at", "updated_at", "deleted_at") VALUES (107, 2, 75, '2025-12-31 12:17:29.402+08', '2025-12-31 12:17:29.402+08', NULL);
INSERT INTO "public"."role_api_permissions" ("id", "role_id", "permission_id", "created_at", "updated_at", "deleted_at") VALUES (108, 2, 76, '2025-12-31 12:17:29.402+08', '2025-12-31 12:17:29.402+08', NULL);
INSERT INTO "public"."role_api_permissions" ("id", "role_id", "permission_id", "created_at", "updated_at", "deleted_at") VALUES (109, 2, 77, '2025-12-31 12:17:29.402+08', '2025-12-31 12:17:29.402+08', NULL);
INSERT INTO "public"."role_api_permissions" ("id", "role_id", "permission_id", "created_at", "updated_at", "deleted_at") VALUES (110, 2, 78, '2025-12-31 12:17:29.402+08', '2025-12-31 12:17:29.402+08', NULL);
INSERT INTO "public"."role_api_permissions" ("id", "role_id", "permission_id", "created_at", "updated_at", "deleted_at") VALUES (111, 2, 79, '2025-12-31 12:17:29.402+08', '2025-12-31 12:17:29.402+08', NULL);
INSERT INTO "public"."role_api_permissions" ("id", "role_id", "permission_id", "created_at", "updated_at", "deleted_at") VALUES (112, 2, 80, '2025-12-31 12:17:29.402+08', '2025-12-31 12:17:29.402+08', NULL);
INSERT INTO "public"."role_api_permissions" ("id", "role_id", "permission_id", "created_at", "updated_at", "deleted_at") VALUES (113, 2, 81, '2025-12-31 12:17:29.402+08', '2025-12-31 12:17:29.402+08', NULL);
INSERT INTO "public"."role_api_permissions" ("id", "role_id", "permission_id", "created_at", "updated_at", "deleted_at") VALUES (114, 2, 82, '2025-12-31 12:17:29.402+08', '2025-12-31 12:17:29.402+08', NULL);
INSERT INTO "public"."role_api_permissions" ("id", "role_id", "permission_id", "created_at", "updated_at", "deleted_at") VALUES (115, 2, 83, '2025-12-31 12:17:29.402+08', '2025-12-31 12:17:29.402+08', NULL);
INSERT INTO "public"."role_api_permissions" ("id", "role_id", "permission_id", "created_at", "updated_at", "deleted_at") VALUES (116, 2, 84, '2025-12-31 12:17:29.402+08', '2025-12-31 12:17:29.402+08', NULL);
INSERT INTO "public"."role_api_permissions" ("id", "role_id", "permission_id", "created_at", "updated_at", "deleted_at") VALUES (117, 2, 85, '2025-12-31 12:17:29.402+08', '2025-12-31 12:17:29.402+08', NULL);
INSERT INTO "public"."role_api_permissions" ("id", "role_id", "permission_id", "created_at", "updated_at", "deleted_at") VALUES (118, 2, 86, '2025-12-31 12:17:29.402+08', '2025-12-31 12:17:29.402+08', NULL);
INSERT INTO "public"."role_api_permissions" ("id", "role_id", "permission_id", "created_at", "updated_at", "deleted_at") VALUES (119, 2, 87, '2025-12-31 12:17:29.402+08', '2025-12-31 12:17:29.402+08', NULL);
INSERT INTO "public"."role_api_permissions" ("id", "role_id", "permission_id", "created_at", "updated_at", "deleted_at") VALUES (120, 1, 90, '2026-01-03 08:09:25.69+08', '2026-01-03 08:09:25.69+08', NULL);
INSERT INTO "public"."role_api_permissions" ("id", "role_id", "permission_id", "created_at", "updated_at", "deleted_at") VALUES (121, 1, 91, '2026-01-03 08:09:25.69+08', '2026-01-03 08:09:25.69+08', NULL);
INSERT INTO "public"."role_api_permissions" ("id", "role_id", "permission_id", "created_at", "updated_at", "deleted_at") VALUES (122, 2, 92, '2026-01-03 08:09:25.69+08', '2026-01-03 08:09:25.69+08', NULL);
INSERT INTO "public"."role_api_permissions" ("id", "role_id", "permission_id", "created_at", "updated_at", "deleted_at") VALUES (123, 2, 93, '2026-01-03 08:09:25.69+08', '2026-01-03 08:09:25.69+08', NULL);
INSERT INTO "public"."role_api_permissions" ("id", "role_id", "permission_id", "created_at", "updated_at", "deleted_at") VALUES (123, 2, 94, '2026-01-03 08:09:25.69+08', '2026-01-03 08:09:25.69+08', NULL);
INSERT INTO "public"."role_api_permissions" ("id", "role_id", "permission_id", "created_at", "updated_at", "deleted_at") VALUES (123, 2, 95, '2026-01-03 08:09:25.69+08', '2026-01-03 08:09:25.69+08', NULL);
INSERT INTO "public"."role_api_permissions" ("id", "role_id", "permission_id", "created_at", "updated_at", "deleted_at") VALUES (123, 2, 96, '2026-01-03 08:09:25.69+08', '2026-01-03 08:09:25.69+08', NULL);
INSERT INTO "public"."role_api_permissions" ("id", "role_id", "permission_id", "created_at", "updated_at", "deleted_at") VALUES (123, 2, 97, '2026-01-03 08:09:25.69+08', '2026-01-03 08:09:25.69+08', NULL);
INSERT INTO "public"."role_api_permissions" ("id", "role_id", "permission_id", "created_at", "updated_at", "deleted_at") VALUES (123, 2, 98, '2026-01-03 08:09:25.69+08', '2026-01-03 08:09:25.69+08', NULL);
INSERT INTO "public"."role_api_permissions" ("id", "role_id", "permission_id", "created_at", "updated_at", "deleted_at") VALUES (123, 2, 99, '2026-01-03 08:09:25.69+08', '2026-01-03 08:09:25.69+08', NULL);
INSERT INTO "public"."role_api_permissions" ("id", "role_id", "permission_id", "created_at", "updated_at", "deleted_at") VALUES (123, 2, 100, '2026-01-03 08:09:25.69+08', '2026-01-03 08:09:25.69+08', NULL);
INSERT INTO "public"."role_api_permissions" ("id", "role_id", "permission_id", "created_at", "updated_at", "deleted_at") VALUES (123, 2, 101, '2026-01-03 08:09:25.69+08', '2026-01-03 08:09:25.69+08', NULL);
INSERT INTO "public"."role_api_permissions" ("id", "role_id", "permission_id", "created_at", "updated_at", "deleted_at") VALUES (123, 2, 102, '2026-01-03 08:09:25.69+08', '2026-01-03 08:09:25.69+08', NULL);

-- 权益
INSERT INTO "public"."benefits" ("id", "name", "description", "status", "created_at", "updated_at", "deleted_at", "code", "consumption_mode", "default_value", "unit_type") VALUES (1, '云盘空间', '用户可用的云盘存储空间', 1, '2026-01-03 15:16:52.495291+08', '2026-01-03 15:16:52.495291+08', NULL, 'storage_space', 'sum', 104857600, 'byte');

-- 会员权益
INSERT INTO "public"."membership_benefits" ("id", "level_id", "benefit_id", "created_at", "updated_at", "deleted_at", "benefit_value") VALUES (1, 1, 1, '2026-01-03 15:16:52.502893+08', '2026-01-03 15:16:52.502893+08', NULL, 104857600);
INSERT INTO "public"."membership_benefits" ("id", "level_id", "benefit_id", "created_at", "updated_at", "deleted_at", "benefit_value") VALUES (2, 2, 1, '2026-01-03 15:16:52.502893+08', '2026-01-03 15:16:52.502893+08', NULL, 1073741824);
INSERT INTO "public"."membership_benefits" ("id", "level_id", "benefit_id", "created_at", "updated_at", "deleted_at", "benefit_value") VALUES (3, 3, 1, '2026-01-03 15:16:52.502893+08', '2026-01-03 15:16:52.502893+08', NULL, 5368709120);

-- 重置所有序列，确保新插入的记录不会与种子数据冲突
-- Reset all sequences to avoid ID conflicts with seed data
SELECT setval('users_id_seq', (SELECT COALESCE(MAX(id), 0) FROM users) + 1, false);
SELECT setval('roles_id_seq', (SELECT COALESCE(MAX(id), 0) FROM roles) + 1, false);
SELECT setval('user_roles_id_seq', (SELECT COALESCE(MAX(id), 0) FROM user_roles) + 1, false);
SELECT setval('user_encryptions_id_seq', (SELECT COALESCE(MAX(id), 0) FROM user_encryptions) + 1, false);
SELECT setval('router_groups_id_seq', (SELECT COALESCE(MAX(id), 0) FROM router_groups) + 1, false);
SELECT setval('routers_id_seq', (SELECT COALESCE(MAX(id), 0) FROM routers) + 1, false);
SELECT setval('role_routers_id_seq', (SELECT COALESCE(MAX(id), 0) FROM role_routers) + 1, false);
SELECT setval('membership_levels_id_seq', (SELECT COALESCE(MAX(id), 0) FROM membership_levels) + 1, false);
SELECT setval('products_id_seq', (SELECT COALESCE(MAX(id), 0) FROM products) + 1, false);
SELECT setval('campaigns_id_seq', (SELECT COALESCE(MAX(id), 0) FROM campaigns) + 1, false);
SELECT setval('api_permission_groups_id_seq', (SELECT COALESCE(MAX(id), 0) FROM api_permission_groups) + 1, false);
SELECT setval('api_permissions_id_seq', (SELECT COALESCE(MAX(id), 0) FROM api_permissions) + 1, false);
SELECT setval('role_api_permissions_id_seq', (SELECT COALESCE(MAX(id), 0) FROM role_api_permissions) + 1, false);
SELECT setval('benefits_id_seq', (SELECT COALESCE(MAX(id), 0) FROM benefits) + 1, false);
SELECT setval('membership_benefits_id_seq', (SELECT COALESCE(MAX(id), 0) FROM membership_benefits) + 1, false);
