-- 安装 vector 扩展
CREATE EXTENSION IF NOT EXISTS vector;

-- 用户
INSERT INTO "public"."users" ("id", "name", "username", "email", "phone", "password", "status", "company", "profile", "invite_code", "invited_by", "openid", "unionid", "register_channel", "created_at", "updated_at", "deleted_at") VALUES (1, 'dx', 'daixin87', NULL, '13064768490', '$2b$10$eG3wGRFMnJUh4VXO0tI...WzhS9yGmWS6SMBnylOMddiigFseJa2G', 1, '上海智要网络科技有限公司', '一个处女座的产品经理', '40XF1F', NULL, NULL, NULL, 'web', '2025-12-20 16:24:07.975+08', '2025-12-23 12:12:06.261+08', NULL);

-- 角色
INSERT INTO "public"."roles" ("id", "name", "code", "description", "status", "created_at", "updated_at", "deleted_at") VALUES (1, '普通用户', 'user', '普通用户', 1, '2025-12-21 17:39:55.999778+08', '2025-12-21 17:39:55.999778+08', NULL);
INSERT INTO "public"."roles" ("id", "name", "code", "description", "status", "created_at", "updated_at", "deleted_at") VALUES (2, '管理员', 'admin', '管理员', 1, '2025-12-21 17:40:39.357803+08', '2025-12-29 17:53:06+08', NULL);
INSERT INTO "public"."roles" ("id", "name", "code", "description", "status", "created_at", "updated_at", "deleted_at") VALUES (3, '超级管理员', 'super_admin', '拥有系统所有权限的超级管理员角色', 1, '2025-12-31 03:34:57.866+08', '2025-12-31 03:34:57.866+08', NULL);

-- 用户角色
INSERT INTO "public"."user_roles" ("id", "user_id", "role_id", "created_at", "updated_at", "deleted_at") VALUES (1, 1, 1, '2025-12-21 17:56:01.06414+08', '2025-12-21 17:56:01.06414+08', NULL);
INSERT INTO "public"."user_roles" ("id", "user_id", "role_id", "created_at", "updated_at", "deleted_at") VALUES (2, 1, 2, '2025-12-21 17:56:01.06414+08', '2025-12-21 17:56:02.06414+08', NULL);
INSERT INTO "public"."user_roles" ("id", "user_id", "role_id", "created_at", "updated_at", "deleted_at") VALUES (3, 1, 3, '2025-12-31 03:34:57.866+08', '2025-12-31 03:34:57.866+08', NULL);

-- 用户文件加密密钥
INSERT INTO "public"."user_encryptions" ("id", "user_id", "recipient", "encrypted_identity", "encrypted_recovery_key", "created_at", "updated_at") VALUES (1, 1, 'age1jx62jxea8znprsyudzkyamqhj6znts2zx254lk48ry7td3kesqmsxdyxkt', 'YWdlLWVuY3J5cHRpb24ub3JnL3YxCi0+IHNjcnlwdCBqTE5OaXFjVHRpU1JhWWdmR1gwOUJBIDE4CllBbzk1YWR5cXdYUDY1SUpnb3pUaDFXczlINTRQNWE1Q3dnL2taWnhDV00KLS0tIEVUNzRMVHFhK2JjY1BVQzUyWUl3NzRwT0VjUWV6T0ZGVFBzR0RsWTlzSFkKM7+9q5bNTRH940me68z+ujG/h91ZDwKQALBXBievQ1zLz5tLuDiBDO6B9dhm6rOYN2aicU6FdQpkP+88oWXS2cvFiYFPBaTB5ZQ9ychXlHYGhzTLQ1EeYofYTn5MFLMciQhZ7WiqXhleNg==', 'YWdlLWVuY3J5cHRpb24ub3JnL3YxCi0+IHNjcnlwdCBMV3lBeWFDSDQydTVrVEF3YkdXK1ZnIDE4CmtIa2g3aXJrZSthZ2l2QWRCU2hEeW9yMHJRWFZhc1NtZ0pXcDRqZU1Xdm8KLS0tIEJabDUzK0NGeUF1YmpibUlxVkRtaldINm1aM3Y2bVN4cDY0Uk1ycnNMUm8KcyGJWjLvvpDk2LnzLa2ECGBRLFRQUc+gzl6+D5mbBTopI+pyY0Mc3/8cQRPx/c9E32rB9eP3Bq+mxIq784O4s+daE0qpTy3JM3yqgASb3a2eu4uyzq5tFsukyfEEsYzvb9e7gIEUdQKDsQ==', '2025-12-24 23:30:34.655+08', '2025-12-26 07:25:30.704+08');

-- 路由组
INSERT INTO "public"."router_groups" ("id", "name", "description", "sort", "status", "created_at", "updated_at", "deleted_at") VALUES (1, 'dashboard', '工作台路由', 0, 1, '2025-12-21 16:40:47.288706+08', '2025-12-21 16:40:47.288706+08', NULL);
INSERT INTO "public"."router_groups" ("id", "name", "description", "sort", "status", "created_at", "updated_at", "deleted_at") VALUES (2, '公共页面', '公共页面', 0, 1, '2025-12-31 11:08:01.992+08', '2025-12-31 11:08:01.992+08', NULL);
INSERT INTO "public"."router_groups" ("id", "name", "description", "sort", "status", "created_at", "updated_at", "deleted_at") VALUES (3, '管理后台', '管理后台', 0, 1, '2025-12-31 11:08:01.994+08', '2025-12-31 11:08:01.994+08', NULL);
INSERT INTO "public"."router_groups" ("id", "name", "description", "sort", "status", "created_at", "updated_at", "deleted_at") VALUES (4, '用户中心', '用户中心', 0, 1, '2025-12-31 11:08:01.996+08', '2025-12-31 11:08:01.996+08', NULL);
INSERT INTO "public"."router_groups" ("id", "name", "description", "sort", "status", "created_at", "updated_at", "deleted_at") VALUES (5, '落地页', '落地页', 0, 1, '2025-12-31 11:08:01.998+08', '2025-12-31 11:08:01.998+08', NULL);

-- 路由
INSERT INTO "public"."routers" ("id", "name", "title", "description", "path", "is_menu", "parent_id", "icon", "group_id", "sort", "created_at", "updated_at", "deleted_at", "menu_group", "menu_group_sort") VALUES (1, 'dashboard', '工作台', NULL, '/dashboard', 't', NULL, 'lucideIcons.LayoutDashboardIcon', 1, 1, '2025-12-21 16:42:51.121017+08', '2025-12-21 16:42:51.121017+08', NULL, NULL, 0);
INSERT INTO "public"."routers" ("id", "name", "title", "description", "path", "is_menu", "parent_id", "icon", "group_id", "sort", "created_at", "updated_at", "deleted_at", "menu_group", "menu_group_sort") VALUES (2, 'cases', '我的案件', NULL, '/dashboard/cases', 't', NULL, 'lucideIcons.FolderIcon', 1, 2, '2025-12-21 16:43:18.090314+08', '2025-12-21 16:43:18.090314+08', NULL, NULL, 0);
INSERT INTO "public"."routers" ("id", "name", "title", "description", "path", "is_menu", "parent_id", "icon", "group_id", "sort", "created_at", "updated_at", "deleted_at", "menu_group", "menu_group_sort") VALUES (3, 'caseDetail', '案件详情', NULL, '/dashboard/cases/:id', 'f', NULL, '', 1, 3, '2025-12-21 16:53:24.514531+08', '2025-12-21 16:53:24.514531+08', NULL, NULL, 0);
INSERT INTO "public"."routers" ("id", "name", "title", "description", "path", "is_menu", "parent_id", "icon", "group_id", "sort", "created_at", "updated_at", "deleted_at", "menu_group", "menu_group_sort") VALUES (4, 'analysis', '案件分析', NULL, '/dashboard/analysis/agent', 't', NULL, 'lucideIcons.SearchIcon', 1, 4, '2025-12-21 16:56:12.528999+08', '2025-12-21 16:56:12.528999+08', NULL, NULL, 0);
INSERT INTO "public"."routers" ("id", "name", "title", "description", "path", "is_menu", "parent_id", "icon", "group_id", "sort", "created_at", "updated_at", "deleted_at", "menu_group", "menu_group_sort") VALUES (5, 'analysisAgentSession', '案件分析会话', NULL, '/dashboard/analysis/agent/:sessionId', 'f', NULL, 'lucideIcons.SearchIcon', 1, 5, '2025-12-21 16:57:34.700435+08', '2025-12-21 16:57:34.700435+08', NULL, NULL, 0);
INSERT INTO "public"."routers" ("id", "name", "title", "description", "path", "is_menu", "parent_id", "icon", "group_id", "sort", "created_at", "updated_at", "deleted_at", "menu_group", "menu_group_sort") VALUES (6, 'tools', '办案工具', NULL, '/dashboard/tools', 't', NULL, 'lucideIcons.Wrench', 1, 6, '2025-12-21 16:58:40.353423+08', '2025-12-21 16:58:40.353423+08', NULL, NULL, 0);
INSERT INTO "public"."routers" ("id", "name", "title", "description", "path", "is_menu", "parent_id", "icon", "group_id", "sort", "created_at", "updated_at", "deleted_at", "menu_group", "menu_group_sort") VALUES (7, 'diskSpace', '云盘空间', NULL, '/dashboard/disk-space', 't', NULL, 'lucideIcons.Cloudy', 1, 7, '2025-12-21 17:00:22.10699+08', '2025-12-21 17:00:22.10699+08', NULL, NULL, 0);
INSERT INTO "public"."routers" ("id", "name", "title", "description", "path", "is_menu", "parent_id", "icon", "group_id", "sort", "created_at", "updated_at", "deleted_at", "menu_group", "menu_group_sort") VALUES (8, 'membership', '会员中心', NULL, '/dashboard/membership', 't', NULL, 'lucideIcons.Crown', 1, 8, '2025-12-21 17:01:29.551359+08', '2025-12-21 17:01:29.551359+08', NULL, NULL, 0);
INSERT INTO "public"."routers" ("id", "name", "title", "description", "path", "is_menu", "parent_id", "icon", "group_id", "sort", "created_at", "updated_at", "deleted_at", "menu_group", "menu_group_sort") VALUES (9, 'settings', '账户设置', NULL, '/dashboard/settings', 't', NULL, 'lucideIcons.SettingsIcon', 1, 9, '2025-12-21 17:02:03.852831+08', '2025-12-21 17:02:03.852831+08', NULL, NULL, 0);
INSERT INTO "public"."routers" ("id", "name", "title", "description", "path", "is_menu", "parent_id", "icon", "group_id", "sort", "created_at", "updated_at", "deleted_at", "menu_group", "menu_group_sort") VALUES (10, 'buy', '购买会员', NULL, '/dashboard/buy/:id', 'f', NULL, '', 1, 10, '2025-12-21 17:02:55.701647+08', '2025-12-21 17:02:55.701647+08', NULL, NULL, 0);
INSERT INTO "public"."routers" ("id", "name", "title", "description", "path", "is_menu", "parent_id", "icon", "group_id", "sort", "created_at", "updated_at", "deleted_at", "menu_group", "menu_group_sort") VALUES (11, 'order', '订单详情', NULL, '/dashboard/order/:id', 'f', NULL, NULL, 1, 11, '2025-12-21 17:04:02.91961+08', '2025-12-21 17:04:02.91961+08', NULL, NULL, 0);
INSERT INTO "public"."routers" ("id", "name", "title", "description", "path", "is_menu", "parent_id", "icon", "group_id", "sort", "created_at", "updated_at", "deleted_at", "menu_group", "menu_group_sort") VALUES (12, 'dashboard-analysis', '案件分析', NULL, '/dashboard/analysis', 'f', NULL, NULL, 4, 0, '2025-12-31 11:08:02.004+08', '2025-12-31 11:08:02.004+08', NULL, NULL, 0);
INSERT INTO "public"."routers" ("id", "name", "title", "description", "path", "is_menu", "parent_id", "icon", "group_id", "sort", "created_at", "updated_at", "deleted_at", "menu_group", "menu_group_sort") VALUES (13, 'dashboard-membership-invitation', '邀请注册', NULL, '/dashboard/membership/invitation', 'f', NULL, NULL, 4, 0, '2025-12-31 11:08:02.004+08', '2025-12-31 11:08:02.004+08', NULL, NULL, 0);
INSERT INTO "public"."routers" ("id", "name", "title", "description", "path", "is_menu", "parent_id", "icon", "group_id", "sort", "created_at", "updated_at", "deleted_at", "menu_group", "menu_group_sort") VALUES (14, 'dashboard-membership-level', '我的会员', NULL, '/dashboard/membership/level', 'f', NULL, NULL, 4, 0, '2025-12-31 11:08:02.004+08', '2025-12-31 11:08:02.004+08', NULL, NULL, 0);
INSERT INTO "public"."routers" ("id", "name", "title", "description", "path", "is_menu", "parent_id", "icon", "group_id", "sort", "created_at", "updated_at", "deleted_at", "menu_group", "menu_group_sort") VALUES (15, 'dashboard-membership-order', '我的订单', NULL, '/dashboard/membership/order', 'f', NULL, NULL, 4, 0, '2025-12-31 11:08:02.004+08', '2025-12-31 11:08:02.004+08', NULL, NULL, 0);
INSERT INTO "public"."routers" ("id", "name", "title", "description", "path", "is_menu", "parent_id", "icon", "group_id", "sort", "created_at", "updated_at", "deleted_at", "menu_group", "menu_group_sort") VALUES (16, 'dashboard-membership-point', '我的积分', NULL, '/dashboard/membership/point', 'f', NULL, NULL, 4, 0, '2025-12-31 11:08:02.004+08', '2025-12-31 11:08:02.004+08', NULL, NULL, 0);
INSERT INTO "public"."routers" ("id", "name", "title", "description", "path", "is_menu", "parent_id", "icon", "group_id", "sort", "created_at", "updated_at", "deleted_at", "menu_group", "menu_group_sort") VALUES (17, 'dashboard-membership-redeem', '兑换会员', NULL, '/dashboard/membership/redeem', 'f', NULL, NULL, 4, 0, '2025-12-31 11:08:02.004+08', '2025-12-31 11:08:02.004+08', NULL, NULL, 0);
INSERT INTO "public"."routers" ("id", "name", "title", "description", "path", "is_menu", "parent_id", "icon", "group_id", "sort", "created_at", "updated_at", "deleted_at", "menu_group", "menu_group_sort") VALUES (18, 'dashboard-settings-file-encryption', '文件加密设置', NULL, '/dashboard/settings/file-encryption', 'f', NULL, NULL, 4, 0, '2025-12-31 11:08:02.004+08', '2025-12-31 11:08:02.004+08', NULL, NULL, 0);
INSERT INTO "public"."routers" ("id", "name", "title", "description", "path", "is_menu", "parent_id", "icon", "group_id", "sort", "created_at", "updated_at", "deleted_at", "menu_group", "menu_group_sort") VALUES (19, 'dashboard-settings-profile', '个人资料', NULL, '/dashboard/settings/profile', 'f', NULL, NULL, 4, 0, '2025-12-31 11:08:02.004+08', '2025-12-31 11:08:02.004+08', NULL, NULL, 0);
INSERT INTO "public"."routers" ("id", "name", "title", "description", "path", "is_menu", "parent_id", "icon", "group_id", "sort", "created_at", "updated_at", "deleted_at", "menu_group", "menu_group_sort") VALUES (20, 'dashboard-settings-security', '安全设置', NULL, '/dashboard/settings/security', 'f', NULL, NULL, 4, 0, '2025-12-31 11:08:02.004+08', '2025-12-31 11:08:02.004+08', NULL, NULL, 0);
INSERT INTO "public"."routers" ("id", "name", "title", "description", "path", "is_menu", "parent_id", "icon", "group_id", "sort", "created_at", "updated_at", "deleted_at", "menu_group", "menu_group_sort") VALUES (21, 'dashboard-tools-bank-rate', '银行利率查询', NULL, '/dashboard/tools/bank-rate', 'f', NULL, NULL, 4, 0, '2025-12-31 11:08:02.004+08', '2025-12-31 11:08:02.004+08', NULL, NULL, 0);
INSERT INTO "public"."routers" ("id", "name", "title", "description", "path", "is_menu", "parent_id", "icon", "group_id", "sort", "created_at", "updated_at", "deleted_at", "menu_group", "menu_group_sort") VALUES (22, 'dashboard-tools-compensation', '赔偿计算器', NULL, '/dashboard/tools/compensation', 'f', NULL, NULL, 4, 0, '2025-12-31 11:08:02.004+08', '2025-12-31 11:08:02.004+08', NULL, NULL, 0);
INSERT INTO "public"."routers" ("id", "name", "title", "description", "path", "is_menu", "parent_id", "icon", "group_id", "sort", "created_at", "updated_at", "deleted_at", "menu_group", "menu_group_sort") VALUES (23, 'dashboard-tools-court-fee', '诉讼费用计算', NULL, '/dashboard/tools/court-fee', 'f', NULL, NULL, 4, 0, '2025-12-31 11:08:02.004+08', '2025-12-31 11:08:02.004+08', NULL, NULL, 0);
INSERT INTO "public"."routers" ("id", "name", "title", "description", "path", "is_menu", "parent_id", "icon", "group_id", "sort", "created_at", "updated_at", "deleted_at", "menu_group", "menu_group_sort") VALUES (24, 'dashboard-tools-date-calculator', '日期推算', NULL, '/dashboard/tools/date-calculator', 'f', NULL, NULL, 4, 0, '2025-12-31 11:08:02.004+08', '2025-12-31 11:08:02.004+08', NULL, NULL, 0);
INSERT INTO "public"."routers" ("id", "name", "title", "description", "path", "is_menu", "parent_id", "icon", "group_id", "sort", "created_at", "updated_at", "deleted_at", "menu_group", "menu_group_sort") VALUES (25, 'dashboard-tools-delay-interest', '延迟履行利息', NULL, '/dashboard/tools/delay-interest', 'f', NULL, NULL, 4, 0, '2025-12-31 11:08:02.004+08', '2025-12-31 11:08:02.004+08', NULL, NULL, 0);
INSERT INTO "public"."routers" ("id", "name", "title", "description", "path", "is_menu", "parent_id", "icon", "group_id", "sort", "created_at", "updated_at", "deleted_at", "menu_group", "menu_group_sort") VALUES (26, 'dashboard-tools-divorce-property', '离婚财产分割计算器', NULL, '/dashboard/tools/divorce-property', 'f', NULL, NULL, 4, 0, '2025-12-31 11:08:02.004+08', '2025-12-31 11:08:02.004+08', NULL, NULL, 0);
INSERT INTO "public"."routers" ("id", "name", "title", "description", "path", "is_menu", "parent_id", "icon", "group_id", "sort", "created_at", "updated_at", "deleted_at", "menu_group", "menu_group_sort") VALUES (27, 'dashboard-tools-interest', '利息计算', NULL, '/dashboard/tools/interest', 'f', NULL, NULL, 4, 0, '2025-12-31 11:08:02.004+08', '2025-12-31 11:08:02.004+08', NULL, NULL, 0);
INSERT INTO "public"."routers" ("id", "name", "title", "description", "path", "is_menu", "parent_id", "icon", "group_id", "sort", "created_at", "updated_at", "deleted_at", "menu_group", "menu_group_sort") VALUES (28, 'dashboard-tools-lawyer-fee', '律师费用计算', NULL, '/dashboard/tools/lawyer-fee', 'f', NULL, NULL, 4, 0, '2025-12-31 11:08:02.004+08', '2025-12-31 11:08:02.004+08', NULL, NULL, 0);
INSERT INTO "public"."routers" ("id", "name", "title", "description", "path", "is_menu", "parent_id", "icon", "group_id", "sort", "created_at", "updated_at", "deleted_at", "menu_group", "menu_group_sort") VALUES (29, 'dashboard-tools-overtime', '加班费/调休计算器', NULL, '/dashboard/tools/overtime', 'f', NULL, NULL, 4, 0, '2025-12-31 11:08:02.004+08', '2025-12-31 11:08:02.004+08', NULL, NULL, 0);
INSERT INTO "public"."routers" ("id", "name", "title", "description", "path", "is_menu", "parent_id", "icon", "group_id", "sort", "created_at", "updated_at", "deleted_at", "menu_group", "menu_group_sort") VALUES (30, 'dashboard-tools-social-insurance', '社保追缴计算器', NULL, '/dashboard/tools/social-insurance', 'f', NULL, NULL, 4, 0, '2025-12-31 11:08:02.004+08', '2025-12-31 11:08:02.004+08', NULL, NULL, 0);
INSERT INTO "public"."routers" ("id", "name", "title", "description", "path", "is_menu", "parent_id", "icon", "group_id", "sort", "created_at", "updated_at", "deleted_at", "menu_group", "menu_group_sort") VALUES (31, 'features', '产品功能', NULL, '/features', 'f', NULL, NULL, 2, 0, '2025-12-31 11:08:02.004+08', '2025-12-31 11:08:02.004+08', NULL, NULL, 0);
INSERT INTO "public"."routers" ("id", "name", "title", "description", "path", "is_menu", "parent_id", "icon", "group_id", "sort", "created_at", "updated_at", "deleted_at", "menu_group", "menu_group_sort") VALUES (32, 'index', '首页', NULL, '/index', 'f', NULL, NULL, 2, 0, '2025-12-31 11:08:02.004+08', '2025-12-31 11:08:02.004+08', NULL, NULL, 0);
INSERT INTO "public"."routers" ("id", "name", "title", "description", "path", "is_menu", "parent_id", "icon", "group_id", "sort", "created_at", "updated_at", "deleted_at", "menu_group", "menu_group_sort") VALUES (33, 'landing-:invitedBy', '邀请注册', NULL, '/landing/:invitedBy', 'f', NULL, NULL, 5, 0, '2025-12-31 11:08:02.004+08', '2025-12-31 11:08:02.004+08', NULL, NULL, 0);
INSERT INTO "public"."routers" ("id", "name", "title", "description", "path", "is_menu", "parent_id", "icon", "group_id", "sort", "created_at", "updated_at", "deleted_at", "menu_group", "menu_group_sort") VALUES (34, 'login', '登录', NULL, '/login', 'f', NULL, NULL, 2, 0, '2025-12-31 11:08:02.004+08', '2025-12-31 11:08:02.004+08', NULL, NULL, 0);
INSERT INTO "public"."routers" ("id", "name", "title", "description", "path", "is_menu", "parent_id", "icon", "group_id", "sort", "created_at", "updated_at", "deleted_at", "menu_group", "menu_group_sort") VALUES (35, 'pricing', '价格方案', NULL, '/pricing', 'f', NULL, NULL, 2, 0, '2025-12-31 11:08:02.004+08', '2025-12-31 11:08:02.004+08', NULL, NULL, 0);
INSERT INTO "public"."routers" ("id", "name", "title", "description", "path", "is_menu", "parent_id", "icon", "group_id", "sort", "created_at", "updated_at", "deleted_at", "menu_group", "menu_group_sort") VALUES (36, 'privacy-agreement', '隐私政策', NULL, '/privacy-agreement', 'f', NULL, NULL, 2, 0, '2025-12-31 11:08:02.004+08', '2025-12-31 11:08:02.004+08', NULL, NULL, 0);
INSERT INTO "public"."routers" ("id", "name", "title", "description", "path", "is_menu", "parent_id", "icon", "group_id", "sort", "created_at", "updated_at", "deleted_at", "menu_group", "menu_group_sort") VALUES (37, 'purchase-agreement', '服务购买协议', NULL, '/purchase-agreement', 'f', NULL, NULL, 2, 0, '2025-12-31 11:08:02.004+08', '2025-12-31 11:08:02.004+08', NULL, NULL, 0);
INSERT INTO "public"."routers" ("id", "name", "title", "description", "path", "is_menu", "parent_id", "icon", "group_id", "sort", "created_at", "updated_at", "deleted_at", "menu_group", "menu_group_sort") VALUES (38, 'register', '注册', NULL, '/register', 'f', NULL, NULL, 2, 0, '2025-12-31 11:08:02.004+08', '2025-12-31 11:08:02.004+08', NULL, NULL, 0);
INSERT INTO "public"."routers" ("id", "name", "title", "description", "path", "is_menu", "parent_id", "icon", "group_id", "sort", "created_at", "updated_at", "deleted_at", "menu_group", "menu_group_sort") VALUES (39, 'reset-password', '重置密码', NULL, '/reset-password', 'f', NULL, NULL, 2, 0, '2025-12-31 11:08:02.004+08', '2025-12-31 11:08:02.004+08', NULL, NULL, 0);
INSERT INTO "public"."routers" ("id", "name", "title", "description", "path", "is_menu", "parent_id", "icon", "group_id", "sort", "created_at", "updated_at", "deleted_at", "menu_group", "menu_group_sort") VALUES (40, 'terms-of-use', '使用条款', NULL, '/terms-of-use', 'f', NULL, NULL, 2, 0, '2025-12-31 11:08:02.004+08', '2025-12-31 11:08:02.004+08', NULL, NULL, 0);
INSERT INTO "public"."routers" ("id", "name", "title", "description", "path", "is_menu", "parent_id", "icon", "group_id", "sort", "created_at", "updated_at", "deleted_at", "menu_group", "menu_group_sort") VALUES (41, '403', '无权限访问', NULL, '/403', 'f', NULL, NULL, 2, 0, '2025-12-31 11:08:17.298+08', '2025-12-31 11:08:17.298+08', NULL, NULL, 0);
INSERT INTO "public"."routers" ("id", "name", "title", "description", "path", "is_menu", "parent_id", "icon", "group_id", "sort", "created_at", "updated_at", "deleted_at", "menu_group", "menu_group_sort") VALUES (42, 'about', '关于我们', NULL, '/about', 'f', NULL, NULL, 2, 0, '2025-12-31 11:08:17.298+08', '2025-12-31 11:08:17.298+08', NULL, NULL, 0);
INSERT INTO "public"."routers" ("id", "name", "title", "description", "path", "is_menu", "parent_id", "icon", "group_id", "sort", "created_at", "updated_at", "deleted_at", "menu_group", "menu_group_sort") VALUES (43, 'admin', '管理后台', NULL, '/admin', 'f', NULL, NULL, 3, 0, '2025-12-31 11:08:17.298+08', '2025-12-31 11:08:17.298+08', NULL, NULL, 0);
INSERT INTO "public"."routers" ("id", "name", "title", "description", "path", "is_menu", "parent_id", "icon", "group_id", "sort", "created_at", "updated_at", "deleted_at", "menu_group", "menu_group_sort") VALUES (44, 'admin-audit', '审计日志', NULL, '/admin/audit', 't', NULL, 'FileTextIcon', 3, 5, '2025-12-31 11:08:17.298+08', '2026-01-05 10:13:04.572+08', NULL, '权限管理', 1);
INSERT INTO "public"."routers" ("id", "name", "title", "description", "path", "is_menu", "parent_id", "icon", "group_id", "sort", "created_at", "updated_at", "deleted_at", "menu_group", "menu_group_sort") VALUES (45, 'admin-permissions-api', 'API 权限', NULL, '/admin/permissions/api', 't', NULL, 'KeyIcon', 3, 2, '2025-12-31 11:08:17.298+08', '2026-01-05 10:13:04.563+08', NULL, '权限管理', 1);
INSERT INTO "public"."routers" ("id", "name", "title", "description", "path", "is_menu", "parent_id", "icon", "group_id", "sort", "created_at", "updated_at", "deleted_at", "menu_group", "menu_group_sort") VALUES (46, 'admin-permissions-routes', '路由权限', NULL, '/admin/permissions/routes', 't', NULL, 'SettingsIcon', 3, 3, '2025-12-31 11:08:17.298+08', '2026-01-05 10:13:04.566+08', NULL, '权限管理', 1);
INSERT INTO "public"."routers" ("id", "name", "title", "description", "path", "is_menu", "parent_id", "icon", "group_id", "sort", "created_at", "updated_at", "deleted_at", "menu_group", "menu_group_sort") VALUES (47, 'admin-roles', '角色管理', NULL, '/admin/roles', 't', NULL, 'ShieldIcon', 3, 1, '2025-12-31 11:08:17.298+08', '2026-01-05 10:13:04.48+08', NULL, '权限管理', 1);
INSERT INTO "public"."routers" ("id", "name", "title", "description", "path", "is_menu", "parent_id", "icon", "group_id", "sort", "created_at", "updated_at", "deleted_at", "menu_group", "menu_group_sort") VALUES (48, 'admin-roles-:id', '权限分配', NULL, '/admin/roles/:id', 'f', NULL, NULL, 3, 0, '2025-12-31 11:08:17.298+08', '2025-12-31 11:08:17.298+08', NULL, NULL, 0);
INSERT INTO "public"."routers" ("id", "name", "title", "description", "path", "is_menu", "parent_id", "icon", "group_id", "sort", "created_at", "updated_at", "deleted_at", "menu_group", "menu_group_sort") VALUES (49, 'admin-roles-:id-permissions', '权限分配', NULL, '/admin/roles/:id/permissions', 'f', NULL, NULL, 3, 0, '2025-12-31 11:08:17.298+08', '2025-12-31 11:08:17.298+08', NULL, NULL, 0);
INSERT INTO "public"."routers" ("id", "name", "title", "description", "path", "is_menu", "parent_id", "icon", "group_id", "sort", "created_at", "updated_at", "deleted_at", "menu_group", "menu_group_sort") VALUES (50, 'admin-roles-create', '创建角色', NULL, '/admin/roles/create', 'f', NULL, NULL, 3, 0, '2025-12-31 11:08:17.298+08', '2025-12-31 11:08:17.298+08', NULL, NULL, 0);
INSERT INTO "public"."routers" ("id", "name", "title", "description", "path", "is_menu", "parent_id", "icon", "group_id", "sort", "created_at", "updated_at", "deleted_at", "menu_group", "menu_group_sort") VALUES (51, 'admin-users', '用户管理', NULL, '/admin/users', 't', NULL, 'UsersIcon', 3, 4, '2025-12-31 11:08:17.298+08', '2026-01-05 10:13:04.569+08', NULL, '权限管理', 1);
INSERT INTO "public"."routers" ("id", "name", "title", "description", "path", "is_menu", "parent_id", "icon", "group_id", "sort", "created_at", "updated_at", "deleted_at", "menu_group", "menu_group_sort") VALUES (52, 'admin-redemption-codes', '兑换码管理', NULL, '/admin/redemption-codes', 't', NULL, 'TicketIcon', 3, 3, '2026-01-02 04:02:48.354+08', '2026-01-05 10:13:04.586+08', NULL, '运营管理', 3);
INSERT INTO "public"."routers" ("id", "name", "title", "description", "path", "is_menu", "parent_id", "icon", "group_id", "sort", "created_at", "updated_at", "deleted_at", "menu_group", "menu_group_sort") VALUES (53, 'admin-redemption-codes-records', '兑换记录', NULL, '/admin/redemption-codes/records', 't', NULL, 'HistoryIcon', 3, 4, '2026-01-02 04:02:48.354+08', '2026-01-05 10:13:04.588+08', NULL, '运营管理', 3);
INSERT INTO "public"."routers" ("id", "name", "title", "description", "path", "is_menu", "parent_id", "icon", "group_id", "sort", "created_at", "updated_at", "deleted_at", "menu_group", "menu_group_sort") VALUES (54, 'admin-benefits', '权益类型', NULL, '/admin/benefits', 't', NULL, 'GiftIcon', 3, 1, '2026-01-03 11:35:26.82+08', '2026-01-05 10:13:04.574+08', NULL, '权益管理', 2);
INSERT INTO "public"."routers" ("id", "name", "title", "description", "path", "is_menu", "parent_id", "icon", "group_id", "sort", "created_at", "updated_at", "deleted_at", "menu_group", "menu_group_sort") VALUES (55, 'admin-benefits-grant', '用户权益发放', NULL, '/admin/benefits/grant', 't', NULL, 'UserPlusIcon', 3, 3, '2026-01-03 11:35:26.82+08', '2026-01-05 10:13:04.579+08', NULL, '权益管理', 2);
INSERT INTO "public"."routers" ("id", "name", "title", "description", "path", "is_menu", "parent_id", "icon", "group_id", "sort", "created_at", "updated_at", "deleted_at", "menu_group", "menu_group_sort") VALUES (56, 'admin-benefits-membership', '会员权益', NULL, '/admin/benefits/membership', 't', NULL, 'CrownIcon', 3, 2, '2026-01-03 11:35:26.82+08', '2026-01-05 10:13:04.576+08', NULL, '权益管理', 2);
INSERT INTO "public"."routers" ("id", "name", "title", "description", "path", "is_menu", "parent_id", "icon", "group_id", "sort", "created_at", "updated_at", "deleted_at", "menu_group", "menu_group_sort") VALUES (57, 'admin-campaigns', '营销活动', NULL, '/admin/campaigns', 't', NULL, 'MegaphoneIcon', 3, 2, '2026-01-05 09:57:25.151+08', '2026-01-05 10:13:04.584+08', NULL, '运营管理', 3);
INSERT INTO "public"."routers" ("id", "name", "title", "description", "path", "is_menu", "parent_id", "icon", "group_id", "sort", "created_at", "updated_at", "deleted_at", "menu_group", "menu_group_sort") VALUES (58, 'admin-legal-main', '法律法规', NULL, '/admin/legal-main', 't', NULL, 'ScaleIcon', 3, 1, '2026-01-05 09:57:25.151+08', '2026-01-05 10:13:04.59+08', NULL, '知识库管理', 4);
INSERT INTO "public"."routers" ("id", "name", "title", "description", "path", "is_menu", "parent_id", "icon", "group_id", "sort", "created_at", "updated_at", "deleted_at", "menu_group", "menu_group_sort") VALUES (59, 'admin-legal-main-articles-:id', '法律条文管理', NULL, '/admin/legal-main/articles/:id', 'f', NULL, NULL, 3, 0, '2026-01-05 09:57:25.151+08', '2026-01-05 09:57:25.151+08', NULL, NULL, 0);
INSERT INTO "public"."routers" ("id", "name", "title", "description", "path", "is_menu", "parent_id", "icon", "group_id", "sort", "created_at", "updated_at", "deleted_at", "menu_group", "menu_group_sort") VALUES (60, 'admin-legal-main-create', '添加法律法规', NULL, '/admin/legal-main/create', 'f', NULL, NULL, 3, 0, '2026-01-05 09:57:25.151+08', '2026-01-05 09:57:25.151+08', NULL, NULL, 0);
INSERT INTO "public"."routers" ("id", "name", "title", "description", "path", "is_menu", "parent_id", "icon", "group_id", "sort", "created_at", "updated_at", "deleted_at", "menu_group", "menu_group_sort") VALUES (61, 'admin-legal-main-detail-:id', '法律法规详情', NULL, '/admin/legal-main/detail/:id', 'f', NULL, NULL, 3, 0, '2026-01-05 09:57:25.151+08', '2026-01-05 09:57:25.151+08', NULL, NULL, 0);
INSERT INTO "public"."routers" ("id", "name", "title", "description", "path", "is_menu", "parent_id", "icon", "group_id", "sort", "created_at", "updated_at", "deleted_at", "menu_group", "menu_group_sort") VALUES (62, 'admin-legal-main-edit-:id', '编辑法律法规', NULL, '/admin/legal-main/edit/:id', 'f', NULL, NULL, 3, 0, '2026-01-05 09:57:25.151+08', '2026-01-05 09:57:25.151+08', NULL, NULL, 0);
INSERT INTO "public"."routers" ("id", "name", "title", "description", "path", "is_menu", "parent_id", "icon", "group_id", "sort", "created_at", "updated_at", "deleted_at", "menu_group", "menu_group_sort") VALUES (63, 'admin-legal-main-embeddings-:id', '嵌入记录管理', NULL, '/admin/legal-main/embeddings/:id', 'f', NULL, NULL, 3, 0, '2026-01-05 09:57:25.151+08', '2026-01-05 09:57:25.151+08', NULL, NULL, 0);
INSERT INTO "public"."routers" ("id", "name", "title", "description", "path", "is_menu", "parent_id", "icon", "group_id", "sort", "created_at", "updated_at", "deleted_at", "menu_group", "menu_group_sort") VALUES (64, 'admin-legal-main-full-update-:id', 'admin-legal-main-full-update-:id', NULL, '/admin/legal-main/full-update/:id', 'f', NULL, NULL, 3, 0, '2026-01-05 09:57:25.151+08', '2026-01-05 09:57:25.151+08', NULL, NULL, 0);
INSERT INTO "public"."routers" ("id", "name", "title", "description", "path", "is_menu", "parent_id", "icon", "group_id", "sort", "created_at", "updated_at", "deleted_at", "menu_group", "menu_group_sort") VALUES (65, 'admin-model-api-keys', 'API 密钥', NULL, '/admin/model-api-keys', 't', NULL, 'KeyRoundIcon', 3, 2, '2026-01-05 09:57:25.151+08', '2026-01-05 10:13:04.595+08', NULL, '模型管理', 5);
INSERT INTO "public"."routers" ("id", "name", "title", "description", "path", "is_menu", "parent_id", "icon", "group_id", "sort", "created_at", "updated_at", "deleted_at", "menu_group", "menu_group_sort") VALUES (66, 'admin-model-providers', '模型提供商', NULL, '/admin/model-providers', 't', NULL, 'ServerIcon', 3, 1, '2026-01-05 09:57:25.151+08', '2026-01-05 10:13:04.593+08', NULL, '模型管理', 5);
INSERT INTO "public"."routers" ("id", "name", "title", "description", "path", "is_menu", "parent_id", "icon", "group_id", "sort", "created_at", "updated_at", "deleted_at", "menu_group", "menu_group_sort") VALUES (67, 'admin-model-providers-:id', '提供商详情', NULL, '/admin/model-providers/:id', 'f', NULL, NULL, 3, 0, '2026-01-05 09:57:25.151+08', '2026-01-05 09:57:25.151+08', NULL, NULL, 0);
INSERT INTO "public"."routers" ("id", "name", "title", "description", "path", "is_menu", "parent_id", "icon", "group_id", "sort", "created_at", "updated_at", "deleted_at", "menu_group", "menu_group_sort") VALUES (68, 'admin-models', '模型配置', NULL, '/admin/models', 't', NULL, 'BotIcon', 3, 3, '2026-01-05 09:57:25.151+08', '2026-01-05 10:13:04.597+08', NULL, '模型管理', 5);
INSERT INTO "public"."routers" ("id", "name", "title", "description", "path", "is_menu", "parent_id", "icon", "group_id", "sort", "created_at", "updated_at", "deleted_at", "menu_group", "menu_group_sort") VALUES (69, 'admin-products', '产品管理', NULL, '/admin/products', 't', NULL, 'PackageIcon', 3, 1, '2026-01-05 09:57:25.151+08', '2026-01-05 10:13:04.581+08', NULL, '运营管理', 3);

-- 角色路由
INSERT INTO "public"."role_routers" ("id", "role_id", "router_id", "created_at", "updated_at", "deleted_at") VALUES (1, 1, 1, '2025-12-31 09:53:05.425+08', '2025-12-31 09:53:05.425+08', NULL);
INSERT INTO "public"."role_routers" ("id", "role_id", "router_id", "created_at", "updated_at", "deleted_at") VALUES (2, 1, 2, '2025-12-31 09:53:05.425+08', '2025-12-31 09:53:05.425+08', NULL);
INSERT INTO "public"."role_routers" ("id", "role_id", "router_id", "created_at", "updated_at", "deleted_at") VALUES (3, 1, 3, '2025-12-31 09:53:05.425+08', '2025-12-31 09:53:05.425+08', NULL);
INSERT INTO "public"."role_routers" ("id", "role_id", "router_id", "created_at", "updated_at", "deleted_at") VALUES (4, 1, 4, '2025-12-31 09:53:05.425+08', '2025-12-31 09:53:05.425+08', NULL);
INSERT INTO "public"."role_routers" ("id", "role_id", "router_id", "created_at", "updated_at", "deleted_at") VALUES (5, 1, 5, '2025-12-31 09:53:05.425+08', '2025-12-31 09:53:05.425+08', NULL);
INSERT INTO "public"."role_routers" ("id", "role_id", "router_id", "created_at", "updated_at", "deleted_at") VALUES (6, 1, 6, '2025-12-31 09:53:05.425+08', '2025-12-31 09:53:05.425+08', NULL);
INSERT INTO "public"."role_routers" ("id", "role_id", "router_id", "created_at", "updated_at", "deleted_at") VALUES (7, 1, 7, '2025-12-31 09:53:05.425+08', '2025-12-31 09:53:05.425+08', NULL);
INSERT INTO "public"."role_routers" ("id", "role_id", "router_id", "created_at", "updated_at", "deleted_at") VALUES (8, 1, 8, '2025-12-31 09:53:05.425+08', '2025-12-31 09:53:05.425+08', NULL);
INSERT INTO "public"."role_routers" ("id", "role_id", "router_id", "created_at", "updated_at", "deleted_at") VALUES (9, 1, 9, '2025-12-31 09:53:05.425+08', '2025-12-31 09:53:05.425+08', NULL);
INSERT INTO "public"."role_routers" ("id", "role_id", "router_id", "created_at", "updated_at", "deleted_at") VALUES (10, 1, 10, '2025-12-31 09:53:05.425+08', '2025-12-31 09:53:05.425+08', NULL);
INSERT INTO "public"."role_routers" ("id", "role_id", "router_id", "created_at", "updated_at", "deleted_at") VALUES (11, 1, 11, '2025-12-31 09:53:05.425+08', '2025-12-31 09:53:05.425+08', NULL);
INSERT INTO "public"."role_routers" ("id", "role_id", "router_id", "created_at", "updated_at", "deleted_at") VALUES (12, 2, 1, '2025-12-31 11:10:28.85+08', '2025-12-31 11:10:28.85+08', NULL);
INSERT INTO "public"."role_routers" ("id", "role_id", "router_id", "created_at", "updated_at", "deleted_at") VALUES (13, 2, 2, '2025-12-31 11:10:28.85+08', '2025-12-31 11:10:28.85+08', NULL);
INSERT INTO "public"."role_routers" ("id", "role_id", "router_id", "created_at", "updated_at", "deleted_at") VALUES (14, 2, 3, '2025-12-31 11:10:28.85+08', '2025-12-31 11:10:28.85+08', NULL);
INSERT INTO "public"."role_routers" ("id", "role_id", "router_id", "created_at", "updated_at", "deleted_at") VALUES (15, 2, 4, '2025-12-31 11:10:28.85+08', '2025-12-31 11:10:28.85+08', NULL);
INSERT INTO "public"."role_routers" ("id", "role_id", "router_id", "created_at", "updated_at", "deleted_at") VALUES (16, 2, 5, '2025-12-31 11:10:28.85+08', '2025-12-31 11:10:28.85+08', NULL);
INSERT INTO "public"."role_routers" ("id", "role_id", "router_id", "created_at", "updated_at", "deleted_at") VALUES (17, 2, 6, '2025-12-31 11:10:28.85+08', '2025-12-31 11:10:28.85+08', NULL);
INSERT INTO "public"."role_routers" ("id", "role_id", "router_id", "created_at", "updated_at", "deleted_at") VALUES (18, 2, 7, '2025-12-31 11:10:28.85+08', '2025-12-31 11:10:28.85+08', NULL);
INSERT INTO "public"."role_routers" ("id", "role_id", "router_id", "created_at", "updated_at", "deleted_at") VALUES (19, 2, 8, '2025-12-31 11:10:28.85+08', '2025-12-31 11:10:28.85+08', NULL);
INSERT INTO "public"."role_routers" ("id", "role_id", "router_id", "created_at", "updated_at", "deleted_at") VALUES (20, 2, 9, '2025-12-31 11:10:28.85+08', '2025-12-31 11:10:28.85+08', NULL);
INSERT INTO "public"."role_routers" ("id", "role_id", "router_id", "created_at", "updated_at", "deleted_at") VALUES (21, 2, 10, '2025-12-31 11:10:28.85+08', '2025-12-31 11:10:28.85+08', NULL);
INSERT INTO "public"."role_routers" ("id", "role_id", "router_id", "created_at", "updated_at", "deleted_at") VALUES (22, 2, 11, '2025-12-31 11:10:28.85+08', '2025-12-31 11:10:28.85+08', NULL);
INSERT INTO "public"."role_routers" ("id", "role_id", "router_id", "created_at", "updated_at", "deleted_at") VALUES (23, 2, 31, '2025-12-31 11:10:28.85+08', '2025-12-31 11:10:28.85+08', NULL);
INSERT INTO "public"."role_routers" ("id", "role_id", "router_id", "created_at", "updated_at", "deleted_at") VALUES (24, 2, 32, '2025-12-31 11:10:28.85+08', '2025-12-31 11:10:28.85+08', NULL);
INSERT INTO "public"."role_routers" ("id", "role_id", "router_id", "created_at", "updated_at", "deleted_at") VALUES (25, 2, 34, '2025-12-31 11:10:28.85+08', '2025-12-31 11:10:28.85+08', NULL);
INSERT INTO "public"."role_routers" ("id", "role_id", "router_id", "created_at", "updated_at", "deleted_at") VALUES (26, 2, 35, '2025-12-31 11:10:28.85+08', '2025-12-31 11:10:28.85+08', NULL);
INSERT INTO "public"."role_routers" ("id", "role_id", "router_id", "created_at", "updated_at", "deleted_at") VALUES (27, 2, 36, '2025-12-31 11:10:28.85+08', '2025-12-31 11:10:28.85+08', NULL);
INSERT INTO "public"."role_routers" ("id", "role_id", "router_id", "created_at", "updated_at", "deleted_at") VALUES (28, 2, 37, '2025-12-31 11:10:28.85+08', '2025-12-31 11:10:28.85+08', NULL);
INSERT INTO "public"."role_routers" ("id", "role_id", "router_id", "created_at", "updated_at", "deleted_at") VALUES (29, 2, 38, '2025-12-31 11:10:28.85+08', '2025-12-31 11:10:28.85+08', NULL);
INSERT INTO "public"."role_routers" ("id", "role_id", "router_id", "created_at", "updated_at", "deleted_at") VALUES (30, 2, 39, '2025-12-31 11:10:28.85+08', '2025-12-31 11:10:28.85+08', NULL);
INSERT INTO "public"."role_routers" ("id", "role_id", "router_id", "created_at", "updated_at", "deleted_at") VALUES (33, 2, 40, '2025-12-31 11:10:28.85+08', '2025-12-31 11:10:28.85+08', NULL);
INSERT INTO "public"."role_routers" ("id", "role_id", "router_id", "created_at", "updated_at", "deleted_at") VALUES (34, 2, 41, '2025-12-31 11:10:28.85+08', '2025-12-31 11:10:28.85+08', NULL);
INSERT INTO "public"."role_routers" ("id", "role_id", "router_id", "created_at", "updated_at", "deleted_at") VALUES (35, 2, 42, '2025-12-31 11:10:28.85+08', '2025-12-31 11:10:28.85+08', NULL);
INSERT INTO "public"."role_routers" ("id", "role_id", "router_id", "created_at", "updated_at", "deleted_at") VALUES (36, 2, 43, '2025-12-31 11:10:28.85+08', '2025-12-31 11:10:28.85+08', NULL);
INSERT INTO "public"."role_routers" ("id", "role_id", "router_id", "created_at", "updated_at", "deleted_at") VALUES (37, 2, 12, '2025-12-31 11:10:28.85+08', '2025-12-31 11:10:28.85+08', NULL);
INSERT INTO "public"."role_routers" ("id", "role_id", "router_id", "created_at", "updated_at", "deleted_at") VALUES (38, 2, 13, '2025-12-31 11:10:28.85+08', '2025-12-31 11:10:28.85+08', NULL);
INSERT INTO "public"."role_routers" ("id", "role_id", "router_id", "created_at", "updated_at", "deleted_at") VALUES (39, 2, 14, '2025-12-31 11:10:28.85+08', '2025-12-31 11:10:28.85+08', NULL);
INSERT INTO "public"."role_routers" ("id", "role_id", "router_id", "created_at", "updated_at", "deleted_at") VALUES (40, 2, 15, '2025-12-31 11:10:28.85+08', '2025-12-31 11:10:28.85+08', NULL);
INSERT INTO "public"."role_routers" ("id", "role_id", "router_id", "created_at", "updated_at", "deleted_at") VALUES (41, 2, 16, '2025-12-31 11:10:28.85+08', '2025-12-31 11:10:28.85+08', NULL);
INSERT INTO "public"."role_routers" ("id", "role_id", "router_id", "created_at", "updated_at", "deleted_at") VALUES (42, 2, 17, '2025-12-31 11:10:28.85+08', '2025-12-31 11:10:28.85+08', NULL);
INSERT INTO "public"."role_routers" ("id", "role_id", "router_id", "created_at", "updated_at", "deleted_at") VALUES (43, 2, 18, '2025-12-31 11:10:28.85+08', '2025-12-31 11:10:28.85+08', NULL);
INSERT INTO "public"."role_routers" ("id", "role_id", "router_id", "created_at", "updated_at", "deleted_at") VALUES (44, 2, 19, '2025-12-31 11:10:28.85+08', '2025-12-31 11:10:28.85+08', NULL);
INSERT INTO "public"."role_routers" ("id", "role_id", "router_id", "created_at", "updated_at", "deleted_at") VALUES (45, 2, 20, '2025-12-31 11:10:28.85+08', '2025-12-31 11:10:28.85+08', NULL);
INSERT INTO "public"."role_routers" ("id", "role_id", "router_id", "created_at", "updated_at", "deleted_at") VALUES (46, 2, 21, '2025-12-31 11:10:28.85+08', '2025-12-31 11:10:28.85+08', NULL);
INSERT INTO "public"."role_routers" ("id", "role_id", "router_id", "created_at", "updated_at", "deleted_at") VALUES (47, 2, 22, '2025-12-31 11:10:28.85+08', '2025-12-31 11:10:28.85+08', NULL);
INSERT INTO "public"."role_routers" ("id", "role_id", "router_id", "created_at", "updated_at", "deleted_at") VALUES (48, 2, 23, '2025-12-31 11:10:28.85+08', '2025-12-31 11:10:28.85+08', NULL);
INSERT INTO "public"."role_routers" ("id", "role_id", "router_id", "created_at", "updated_at", "deleted_at") VALUES (49, 2, 24, '2025-12-31 11:10:28.85+08', '2025-12-31 11:10:28.85+08', NULL);
INSERT INTO "public"."role_routers" ("id", "role_id", "router_id", "created_at", "updated_at", "deleted_at") VALUES (50, 2, 25, '2025-12-31 11:10:28.85+08', '2025-12-31 11:10:28.85+08', NULL);
INSERT INTO "public"."role_routers" ("id", "role_id", "router_id", "created_at", "updated_at", "deleted_at") VALUES (51, 2, 26, '2025-12-31 11:10:28.85+08', '2025-12-31 11:10:28.85+08', NULL);
INSERT INTO "public"."role_routers" ("id", "role_id", "router_id", "created_at", "updated_at", "deleted_at") VALUES (52, 2, 27, '2025-12-31 11:10:28.85+08', '2025-12-31 11:10:28.85+08', NULL);
INSERT INTO "public"."role_routers" ("id", "role_id", "router_id", "created_at", "updated_at", "deleted_at") VALUES (53, 2, 28, '2025-12-31 11:10:28.85+08', '2025-12-31 11:10:28.85+08', NULL);
INSERT INTO "public"."role_routers" ("id", "role_id", "router_id", "created_at", "updated_at", "deleted_at") VALUES (54, 2, 29, '2025-12-31 11:10:28.85+08', '2025-12-31 11:10:28.85+08', NULL);
INSERT INTO "public"."role_routers" ("id", "role_id", "router_id", "created_at", "updated_at", "deleted_at") VALUES (55, 2, 30, '2025-12-31 11:10:28.85+08', '2025-12-31 11:10:28.85+08', NULL);
INSERT INTO "public"."role_routers" ("id", "role_id", "router_id", "created_at", "updated_at", "deleted_at") VALUES (56, 2, 33, '2025-12-31 11:10:28.85+08', '2025-12-31 11:10:28.85+08', NULL);
INSERT INTO "public"."role_routers" ("id", "role_id", "router_id", "created_at", "updated_at", "deleted_at") VALUES (57, 2, 52, '2025-12-31 11:10:28.85+08', '2025-12-31 11:10:28.85+08', NULL);
INSERT INTO "public"."role_routers" ("id", "role_id", "router_id", "created_at", "updated_at", "deleted_at") VALUES (58, 2, 53, '2025-12-31 11:10:28.85+08', '2025-12-31 11:10:28.85+08', NULL);
INSERT INTO "public"."role_routers" ("id", "role_id", "router_id", "created_at", "updated_at", "deleted_at") VALUES (59, 2, 55, '2025-12-31 11:10:28.85+08', '2025-12-31 11:10:28.85+08', NULL);
INSERT INTO "public"."role_routers" ("id", "role_id", "router_id", "created_at", "updated_at", "deleted_at") VALUES (60, 2, 56, '2025-12-31 11:10:28.85+08', '2025-12-31 11:10:28.85+08', NULL);

-- 会员级别
INSERT INTO "public"."membership_levels" ("id", "name", "description", "sort_order", "status", "created_at", "updated_at", "deleted_at") VALUES (1, '基础版', '基础功能，包含案情分析和摘要生成。', 1, 1, '2025-12-27 19:01:37.905382+08', '2025-12-27 19:01:37.905382+08', NULL);
INSERT INTO "public"."membership_levels" ("id", "name", "description", "sort_order", "status", "created_at", "updated_at", "deleted_at") VALUES (2, '专业版', '专业功能，包含全部分析模块。', 2, 1, '2025-12-27 19:01:53.319585+08', '2025-12-27 19:01:53.319585+08', NULL);
INSERT INTO "public"."membership_levels" ("id", "name", "description", "sort_order", "status", "created_at", "updated_at", "deleted_at") VALUES (3, '旗舰版', '旗舰功能，包含全平台所有功能和优先支持', 3, 1, '2025-12-27 19:02:03.483646+08', '2025-12-27 19:02:03.483646+08', NULL);

-- 产品表
INSERT INTO "public"."products" ("id", "name", "description", "type", "category", "level_id", "price_monthly", "price_yearly", "default_duration", "unit_price", "original_price_monthly", "original_price_yearly", "original_unit_price", "min_quantity", "max_quantity", "purchase_limit", "point_amount", "gift_point", "status", "sort_order", "created_at", "updated_at", "deleted_at") VALUES (1, '基础版会员', '基础功能，包含案情分析和摘要生成', 1, 'membership', 1, '69.00', '365.00', 2, NULL, '138.00', '780.00', NULL, 1, NULL, NULL, NULL, 3650, 1, 110, '2025-12-28 20:06:43.93889+08', '2026-01-05 11:19:21.049+08', NULL);
INSERT INTO "public"."products" ("id", "name", "description", "type", "category", "level_id", "price_monthly", "price_yearly", "default_duration", "unit_price", "original_price_monthly", "original_price_yearly", "original_unit_price", "min_quantity", "max_quantity", "purchase_limit", "point_amount", "gift_point", "status", "sort_order", "created_at", "updated_at", "deleted_at") VALUES (2, '专业版会员', '专业功能，包含全部分析模块', 1, 'membership', 2, '149.00', '680.00', 2, NULL, '298.00', '1280.00', NULL, 1, NULL, NULL, NULL, 6800, 1, 120, '2025-12-28 20:07:43.140882+08', '2026-01-05 11:19:30.154+08', NULL);
INSERT INTO "public"."products" ("id", "name", "description", "type", "category", "level_id", "price_monthly", "price_yearly", "default_duration", "unit_price", "original_price_monthly", "original_price_yearly", "original_unit_price", "min_quantity", "max_quantity", "purchase_limit", "point_amount", "gift_point", "status", "sort_order", "created_at", "updated_at", "deleted_at") VALUES (3, '旗舰版会员', '企业级功能，包含所有功能和优先支持', 1, 'membership', 3, '299.00', '1280.00', 2, NULL, '598.00', '2480.00', NULL, 1, NULL, NULL, NULL, 12800, 1, 130, '2025-12-28 20:08:08.908349+08', '2026-01-05 11:19:38.846+08', NULL);
INSERT INTO "public"."products" ("id", "name", "description", "type", "category", "level_id", "price_monthly", "price_yearly", "default_duration", "unit_price", "original_price_monthly", "original_price_yearly", "original_unit_price", "min_quantity", "max_quantity", "purchase_limit", "point_amount", "gift_point", "status", "sort_order", "created_at", "updated_at", "deleted_at") VALUES (4, '300积分包', 'LexSeek 300积分包', 2, 'points', NULL, NULL, NULL, NULL, '30.00', NULL, NULL, '30.00', 1, 100, NULL, 300, NULL, 1, 200, '2025-12-28 20:10:57.202459+08', '2026-01-05 11:19:51.508+08', NULL);
INSERT INTO "public"."products" ("id", "name", "description", "type", "category", "level_id", "price_monthly", "price_yearly", "default_duration", "unit_price", "original_price_monthly", "original_price_yearly", "original_unit_price", "min_quantity", "max_quantity", "purchase_limit", "point_amount", "gift_point", "status", "sort_order", "created_at", "updated_at", "deleted_at") VALUES (5, '500积分包', 'LexSeek 500积分包', 2, 'points', NULL, NULL, NULL, NULL, '50.00', NULL, NULL, '50.00', 1, 100, NULL, 500, NULL, 1, 210, '2025-12-28 20:11:02.873738+08', '2026-01-05 11:19:59.108+08', NULL);
INSERT INTO "public"."products" ("id", "name", "description", "type", "category", "level_id", "price_monthly", "price_yearly", "default_duration", "unit_price", "original_price_monthly", "original_price_yearly", "original_unit_price", "min_quantity", "max_quantity", "purchase_limit", "point_amount", "gift_point", "status", "sort_order", "created_at", "updated_at", "deleted_at") VALUES (6, '1000积分包', 'LexSeek 1000积分包', 2, 'points', NULL, NULL, NULL, NULL, '95.00', NULL, NULL, '100.00', 1, 100, NULL, 1000, NULL, 1, 220, '2025-12-28 20:15:14.196838+08', '2026-01-05 11:20:05.067+08', NULL);
INSERT INTO "public"."products" ("id", "name", "description", "type", "category", "level_id", "price_monthly", "price_yearly", "default_duration", "unit_price", "original_price_monthly", "original_price_yearly", "original_unit_price", "min_quantity", "max_quantity", "purchase_limit", "point_amount", "gift_point", "status", "sort_order", "created_at", "updated_at", "deleted_at") VALUES (7, '1500积分包', 'LexSeek 1500积分包', 2, 'points', NULL, NULL, NULL, NULL, '142.00', NULL, NULL, '150.00', 1, 100, NULL, 1500, NULL, 1, 230, '2025-12-28 20:15:14.200307+08', '2026-01-05 11:20:11.608+08', NULL);
INSERT INTO "public"."products" ("id", "name", "description", "type", "category", "level_id", "price_monthly", "price_yearly", "default_duration", "unit_price", "original_price_monthly", "original_price_yearly", "original_unit_price", "min_quantity", "max_quantity", "purchase_limit", "point_amount", "gift_point", "status", "sort_order", "created_at", "updated_at", "deleted_at") VALUES (8, '2000积分包', 'LexSeek 2000积分包', 2, 'points', NULL, NULL, NULL, NULL, '190.00', NULL, NULL, '200.00', 1, 100, NULL, 2000, NULL, 1, 240, '2025-12-28 20:15:14.20262+08', '2026-01-05 11:20:21.1+08', NULL);
INSERT INTO "public"."products" ("id", "name", "description", "type", "category", "level_id", "price_monthly", "price_yearly", "default_duration", "unit_price", "original_price_monthly", "original_price_yearly", "original_unit_price", "min_quantity", "max_quantity", "purchase_limit", "point_amount", "gift_point", "status", "sort_order", "created_at", "updated_at", "deleted_at") VALUES (9, '3000积分包', 'LexSeek 3000积分包', 2, 'points', NULL, NULL, NULL, NULL, '270.00', NULL, NULL, '300.00', 1, 100, NULL, 3000, NULL, 1, 250, '2025-12-28 20:15:14.205527+08', '2026-01-05 11:20:28.623+08', NULL);
INSERT INTO "public"."products" ("id", "name", "description", "type", "category", "level_id", "price_monthly", "price_yearly", "default_duration", "unit_price", "original_price_monthly", "original_price_yearly", "original_unit_price", "min_quantity", "max_quantity", "purchase_limit", "point_amount", "gift_point", "status", "sort_order", "created_at", "updated_at", "deleted_at") VALUES (10, '新手旗舰套餐', '旗舰版会员，限购 1 次', 1, 'membership', 3, '9.90', '1280.00', 1, NULL, '598.00', '2480.00', NULL, 1, 1, 1, NULL, 300, 1, 100, '2025-12-28 20:15:14.208029+08', '2026-01-05 11:19:09.44+08', NULL);

-- 营销活动表
INSERT INTO "public"."campaigns" ("id", "name", "type", "level_id", "duration", "gift_point", "start_at", "end_at", "status", "remark", "created_at", "updated_at", "deleted_at") VALUES (1, '注册新手礼包', 1, 3, 7, 300, '2025-12-28 02:59:48+08', '2099-12-28 02:59:51+08', 1, '新用户注册赠送会员和积分', '2025-12-28 03:00:26+08', '2025-12-28 03:00:29+08', NULL);
INSERT INTO "public"."campaigns" ("id", "name", "type", "level_id", "duration", "gift_point", "start_at", "end_at", "status", "remark", "created_at", "updated_at", "deleted_at") VALUES (2, '邀请注册奖励', 2, 3, 7, 300, '2025-12-28 03:03:07+08', '2099-12-28 02:59:51+08', 1, '邀请用户注册成功奖励', '2025-12-27 19:03:21.73139+08', '2025-12-27 19:03:21.73139+08', NULL);

-- API 分组
INSERT INTO "public"."api_permission_groups" ("id", "name", "description", "sort", "status", "created_at", "updated_at", "deleted_at") VALUES (1, '认证管理', '用户认证相关接口', 1, 1, '2025-12-31 03:34:57.896+08', '2025-12-31 03:34:57.896+08', NULL);
INSERT INTO "public"."api_permission_groups" ("id", "name", "description", "sort", "status", "created_at", "updated_at", "deleted_at") VALUES (2, '用户管理', '用户信息管理接口', 2, 1, '2025-12-31 03:34:57.904+08', '2025-12-31 03:34:57.904+08', NULL);
INSERT INTO "public"."api_permission_groups" ("id", "name", "description", "sort", "status", "created_at", "updated_at", "deleted_at") VALUES (3, '会员管理', '会员系统相关接口', 3, 1, '2025-12-31 03:34:57.908+08', '2025-12-31 03:34:57.908+08', NULL);
INSERT INTO "public"."api_permission_groups" ("id", "name", "description", "sort", "status", "created_at", "updated_at", "deleted_at") VALUES (4, '支付管理', '支付订单相关接口', 4, 1, '2025-12-31 03:34:57.911+08', '2025-12-31 03:34:57.911+08', NULL);
INSERT INTO "public"."api_permission_groups" ("id", "name", "description", "sort", "status", "created_at", "updated_at", "deleted_at") VALUES (5, '存储管理', '文件存储相关接口', 5, 1, '2025-12-31 03:34:57.914+08', '2025-12-31 03:34:57.914+08', NULL);
INSERT INTO "public"."api_permission_groups" ("id", "name", "description", "sort", "status", "created_at", "updated_at", "deleted_at") VALUES (6, '系统管理', '系统配置相关接口', 6, 1, '2025-12-31 03:34:57.917+08', '2025-12-31 03:34:57.917+08', NULL);

-- API 
INSERT INTO "public"."api_permissions" ("id", "path", "method", "name", "description", "is_public", "group_id", "status", "created_at", "updated_at", "deleted_at") VALUES (1, '/api/health', 'GET', 'GET api / health', NULL, 't', NULL, 1, '2025-12-31 12:16:59.206+08', '2025-12-31 12:16:59.206+08', NULL);
INSERT INTO "public"."api_permissions" ("id", "path", "method", "name", "description", "is_public", "group_id", "status", "created_at", "updated_at", "deleted_at") VALUES (2, '/api/v1/admin/api-permissions', 'GET', 'GET admin / api permissions', NULL, 'f', NULL, 1, '2025-12-31 12:16:59.213+08', '2025-12-31 12:16:59.213+08', NULL);
INSERT INTO "public"."api_permissions" ("id", "path", "method", "name", "description", "is_public", "group_id", "status", "created_at", "updated_at", "deleted_at") VALUES (3, '/api/v1/admin/api-permissions', 'POST', 'POST admin / api permissions', NULL, 'f', NULL, 1, '2025-12-31 12:16:59.216+08', '2025-12-31 12:16:59.216+08', NULL);
INSERT INTO "public"."api_permissions" ("id", "path", "method", "name", "description", "is_public", "group_id", "status", "created_at", "updated_at", "deleted_at") VALUES (4, '/api/v1/admin/api-permissions/:id', 'DELETE', 'DELETE admin / api permissions / [id]', NULL, 'f', NULL, 1, '2025-12-31 12:16:59.218+08', '2025-12-31 12:16:59.218+08', NULL);
INSERT INTO "public"."api_permissions" ("id", "path", "method", "name", "description", "is_public", "group_id", "status", "created_at", "updated_at", "deleted_at") VALUES (5, '/api/v1/admin/api-permissions/:id', 'GET', 'GET admin / api permissions / [id]', NULL, 'f', NULL, 1, '2025-12-31 12:16:59.22+08', '2025-12-31 12:16:59.22+08', NULL);
INSERT INTO "public"."api_permissions" ("id", "path", "method", "name", "description", "is_public", "group_id", "status", "created_at", "updated_at", "deleted_at") VALUES (6, '/api/v1/admin/api-permissions/:id', 'PUT', 'PUT admin / api permissions / [id]', NULL, 'f', NULL, 1, '2025-12-31 12:16:59.222+08', '2025-12-31 12:16:59.222+08', NULL);
INSERT INTO "public"."api_permissions" ("id", "path", "method", "name", "description", "is_public", "group_id", "status", "created_at", "updated_at", "deleted_at") VALUES (7, '/api/v1/admin/api-permissions/batch-delete', 'DELETE', 'DELETE admin / api permissions / batch delete', NULL, 'f', NULL, 1, '2025-12-31 12:16:59.224+08', '2025-12-31 12:16:59.224+08', NULL);
INSERT INTO "public"."api_permissions" ("id", "path", "method", "name", "description", "is_public", "group_id", "status", "created_at", "updated_at", "deleted_at") VALUES (8, '/api/v1/admin/api-permissions/batch-import', 'POST', 'POST admin / api permissions / batch import', NULL, 'f', NULL, 1, '2025-12-31 12:16:59.226+08', '2025-12-31 12:16:59.226+08', NULL);
INSERT INTO "public"."api_permissions" ("id", "path", "method", "name", "description", "is_public", "group_id", "status", "created_at", "updated_at", "deleted_at") VALUES (9, '/api/v1/admin/api-permissions/batch-public', 'PUT', 'PUT admin / api permissions / batch public', NULL, 'f', NULL, 1, '2025-12-31 12:16:59.228+08', '2025-12-31 12:16:59.228+08', NULL);
INSERT INTO "public"."api_permissions" ("id", "path", "method", "name", "description", "is_public", "group_id", "status", "created_at", "updated_at", "deleted_at") VALUES (10, '/api/v1/admin/api-permissions/groups', 'GET', 'GET admin / api permissions / groups', NULL, 'f', NULL, 1, '2025-12-31 12:16:59.23+08', '2025-12-31 12:16:59.23+08', NULL);
INSERT INTO "public"."api_permissions" ("id", "path", "method", "name", "description", "is_public", "group_id", "status", "created_at", "updated_at", "deleted_at") VALUES (11, '/api/v1/admin/api-permissions/scan', 'POST', 'POST admin / api permissions / scan', NULL, 'f', NULL, 1, '2025-12-31 12:16:59.233+08', '2025-12-31 12:16:59.233+08', NULL);
INSERT INTO "public"."api_permissions" ("id", "path", "method", "name", "description", "is_public", "group_id", "status", "created_at", "updated_at", "deleted_at") VALUES (12, '/api/v1/admin/audit', 'GET', 'GET admin / audit', NULL, 'f', NULL, 1, '2025-12-31 12:16:59.235+08', '2025-12-31 12:16:59.235+08', NULL);
INSERT INTO "public"."api_permissions" ("id", "path", "method", "name", "description", "is_public", "group_id", "status", "created_at", "updated_at", "deleted_at") VALUES (13, '/api/v1/admin/roles', 'GET', 'GET admin / roles', NULL, 'f', NULL, 1, '2025-12-31 12:16:59.237+08', '2025-12-31 12:16:59.237+08', NULL);
INSERT INTO "public"."api_permissions" ("id", "path", "method", "name", "description", "is_public", "group_id", "status", "created_at", "updated_at", "deleted_at") VALUES (14, '/api/v1/admin/roles', 'POST', 'POST admin / roles', NULL, 'f', NULL, 1, '2025-12-31 12:16:59.24+08', '2025-12-31 12:16:59.24+08', NULL);
INSERT INTO "public"."api_permissions" ("id", "path", "method", "name", "description", "is_public", "group_id", "status", "created_at", "updated_at", "deleted_at") VALUES (15, '/api/v1/admin/roles/:id', 'DELETE', 'DELETE admin / roles / [id]', NULL, 'f', NULL, 1, '2025-12-31 12:16:59.241+08', '2025-12-31 12:16:59.241+08', NULL);
INSERT INTO "public"."api_permissions" ("id", "path", "method", "name", "description", "is_public", "group_id", "status", "created_at", "updated_at", "deleted_at") VALUES (16, '/api/v1/admin/roles/:id', 'GET', 'GET admin / roles / [id]', NULL, 'f', NULL, 1, '2025-12-31 12:16:59.243+08', '2025-12-31 12:16:59.243+08', NULL);
INSERT INTO "public"."api_permissions" ("id", "path", "method", "name", "description", "is_public", "group_id", "status", "created_at", "updated_at", "deleted_at") VALUES (17, '/api/v1/admin/roles/:id', 'PUT', 'PUT admin / roles / [id]', NULL, 'f', NULL, 1, '2025-12-31 12:16:59.245+08', '2025-12-31 12:16:59.245+08', NULL);
INSERT INTO "public"."api_permissions" ("id", "path", "method", "name", "description", "is_public", "group_id", "status", "created_at", "updated_at", "deleted_at") VALUES (18, '/api/v1/admin/roles/[id]/api-permissions', 'PUT', 'PUT admin / roles / [id] / api permissions', NULL, 'f', NULL, 1, '2025-12-31 12:16:59.247+08', '2025-12-31 12:16:59.247+08', NULL);
INSERT INTO "public"."api_permissions" ("id", "path", "method", "name", "description", "is_public", "group_id", "status", "created_at", "updated_at", "deleted_at") VALUES (19, '/api/v1/admin/roles/[id]/permissions', 'GET', 'GET admin / roles / [id] / permissions', NULL, 'f', NULL, 1, '2025-12-31 12:16:59.249+08', '2025-12-31 12:16:59.249+08', NULL);
INSERT INTO "public"."api_permissions" ("id", "path", "method", "name", "description", "is_public", "group_id", "status", "created_at", "updated_at", "deleted_at") VALUES (20, '/api/v1/admin/roles/[id]/route-permissions', 'PUT', 'PUT admin / roles / [id] / route permissions', NULL, 'f', NULL, 1, '2025-12-31 12:16:59.251+08', '2025-12-31 12:16:59.251+08', NULL);
INSERT INTO "public"."api_permissions" ("id", "path", "method", "name", "description", "is_public", "group_id", "status", "created_at", "updated_at", "deleted_at") VALUES (21, '/api/v1/admin/routers', 'GET', 'GET admin / routers', NULL, 'f', NULL, 1, '2025-12-31 12:16:59.253+08', '2025-12-31 12:16:59.253+08', NULL);
INSERT INTO "public"."api_permissions" ("id", "path", "method", "name", "description", "is_public", "group_id", "status", "created_at", "updated_at", "deleted_at") VALUES (22, '/api/v1/admin/routers/groups', 'GET', 'GET admin / routers / groups', NULL, 'f', NULL, 1, '2025-12-31 12:16:59.254+08', '2025-12-31 12:16:59.254+08', NULL);
INSERT INTO "public"."api_permissions" ("id", "path", "method", "name", "description", "is_public", "group_id", "status", "created_at", "updated_at", "deleted_at") VALUES (23, '/api/v1/admin/routers/import', 'POST', 'POST admin / routers / import', NULL, 'f', NULL, 1, '2025-12-31 12:16:59.256+08', '2025-12-31 12:16:59.256+08', NULL);
INSERT INTO "public"."api_permissions" ("id", "path", "method", "name", "description", "is_public", "group_id", "status", "created_at", "updated_at", "deleted_at") VALUES (24, '/api/v1/admin/routers/scan', 'POST', 'POST admin / routers / scan', NULL, 'f', NULL, 1, '2025-12-31 12:16:59.258+08', '2025-12-31 12:16:59.258+08', NULL);
INSERT INTO "public"."api_permissions" ("id", "path", "method", "name", "description", "is_public", "group_id", "status", "created_at", "updated_at", "deleted_at") VALUES (25, '/api/v1/admin/users', 'GET', 'GET admin / users', NULL, 'f', NULL, 1, '2025-12-31 12:16:59.26+08', '2025-12-31 12:16:59.26+08', NULL);
INSERT INTO "public"."api_permissions" ("id", "path", "method", "name", "description", "is_public", "group_id", "status", "created_at", "updated_at", "deleted_at") VALUES (26, '/api/v1/admin/users/[id]/roles', 'PUT', 'PUT admin / users / [id] / roles', NULL, 'f', NULL, 1, '2025-12-31 12:16:59.262+08', '2025-12-31 12:16:59.262+08', NULL);
INSERT INTO "public"."api_permissions" ("id", "path", "method", "name", "description", "is_public", "group_id", "status", "created_at", "updated_at", "deleted_at") VALUES (27, '/api/v1/auth/login/password', 'POST', 'POST auth / login / password', NULL, 't', NULL, 1, '2025-12-31 12:16:59.263+08', '2025-12-31 22:06:02.997+08', NULL);
INSERT INTO "public"."api_permissions" ("id", "path", "method", "name", "description", "is_public", "group_id", "status", "created_at", "updated_at", "deleted_at") VALUES (28, '/api/v1/auth/login/sms', 'POST', 'POST auth / login / sms', NULL, 't', NULL, 1, '2025-12-31 12:16:59.264+08', '2025-12-31 22:06:02.363+08', NULL);
INSERT INTO "public"."api_permissions" ("id", "path", "method", "name", "description", "is_public", "group_id", "status", "created_at", "updated_at", "deleted_at") VALUES (29, '/api/v1/auth/logout', 'POST', 'POST auth / logout', NULL, 't', NULL, 1, '2025-12-31 12:16:59.266+08', '2025-12-31 22:06:00.903+08', NULL);
INSERT INTO "public"."api_permissions" ("id", "path", "method", "name", "description", "is_public", "group_id", "status", "created_at", "updated_at", "deleted_at") VALUES (30, '/api/v1/auth/register', 'POST', 'POST auth / register', NULL, 't', NULL, 1, '2025-12-31 12:16:59.268+08', '2025-12-31 22:06:00.184+08', NULL);
INSERT INTO "public"."api_permissions" ("id", "path", "method", "name", "description", "is_public", "group_id", "status", "created_at", "updated_at", "deleted_at") VALUES (31, '/api/v1/auth/reset-password', '*', '* auth / reset password', NULL, 't', NULL, 1, '2025-12-31 12:16:59.269+08', '2025-12-31 22:05:57.801+08', NULL);
INSERT INTO "public"."api_permissions" ("id", "path", "method", "name", "description", "is_public", "group_id", "status", "created_at", "updated_at", "deleted_at") VALUES (32, '/api/v1/campaigns', 'GET', 'GET campaigns', NULL, 'f', NULL, 1, '2025-12-31 12:16:59.271+08', '2025-12-31 12:16:59.271+08', NULL);
INSERT INTO "public"."api_permissions" ("id", "path", "method", "name", "description", "is_public", "group_id", "status", "created_at", "updated_at", "deleted_at") VALUES (33, '/api/v1/campaigns/:id', 'GET', 'GET campaigns / [id]', NULL, 'f', NULL, 1, '2025-12-31 12:16:59.272+08', '2025-12-31 12:16:59.272+08', NULL);
INSERT INTO "public"."api_permissions" ("id", "path", "method", "name", "description", "is_public", "group_id", "status", "created_at", "updated_at", "deleted_at") VALUES (34, '/api/v1/encryption/config', 'GET', 'GET encryption / config', NULL, 'f', NULL, 1, '2025-12-31 12:16:59.274+08', '2025-12-31 12:16:59.274+08', NULL);
INSERT INTO "public"."api_permissions" ("id", "path", "method", "name", "description", "is_public", "group_id", "status", "created_at", "updated_at", "deleted_at") VALUES (35, '/api/v1/encryption/config', 'POST', 'POST encryption / config', NULL, 'f', NULL, 1, '2025-12-31 12:16:59.275+08', '2025-12-31 12:16:59.275+08', NULL);
INSERT INTO "public"."api_permissions" ("id", "path", "method", "name", "description", "is_public", "group_id", "status", "created_at", "updated_at", "deleted_at") VALUES (36, '/api/v1/encryption/config', 'PUT', 'PUT encryption / config', NULL, 'f', NULL, 1, '2025-12-31 12:16:59.277+08', '2025-12-31 12:16:59.277+08', NULL);
INSERT INTO "public"."api_permissions" ("id", "path", "method", "name", "description", "is_public", "group_id", "status", "created_at", "updated_at", "deleted_at") VALUES (37, '/api/v1/encryption/recovery', 'POST', 'POST encryption / recovery', NULL, 'f', NULL, 1, '2025-12-31 12:16:59.278+08', '2025-12-31 12:16:59.278+08', NULL);
INSERT INTO "public"."api_permissions" ("id", "path", "method", "name", "description", "is_public", "group_id", "status", "created_at", "updated_at", "deleted_at") VALUES (38, '/api/v1/encryption/recovery-key', 'GET', 'GET encryption / recovery key', NULL, 'f', NULL, 1, '2025-12-31 12:16:59.28+08', '2025-12-31 12:16:59.28+08', NULL);
INSERT INTO "public"."api_permissions" ("id", "path", "method", "name", "description", "is_public", "group_id", "status", "created_at", "updated_at", "deleted_at") VALUES (39, '/api/v1/files/oss/:id', 'DELETE', 'DELETE files / oss / [id]', NULL, 'f', NULL, 1, '2025-12-31 12:16:59.281+08', '2025-12-31 12:16:59.281+08', NULL);
INSERT INTO "public"."api_permissions" ("id", "path", "method", "name", "description", "is_public", "group_id", "status", "created_at", "updated_at", "deleted_at") VALUES (40, '/api/v1/files/oss/download-url', 'POST', 'POST files / oss / download url', NULL, 'f', NULL, 1, '2025-12-31 12:16:59.282+08', '2025-12-31 12:16:59.282+08', NULL);
INSERT INTO "public"."api_permissions" ("id", "path", "method", "name", "description", "is_public", "group_id", "status", "created_at", "updated_at", "deleted_at") VALUES (41, '/api/v1/files/oss/file-list', '*', '* files / oss / file list', NULL, 'f', NULL, 1, '2025-12-31 12:16:59.284+08', '2025-12-31 12:16:59.284+08', NULL);
INSERT INTO "public"."api_permissions" ("id", "path", "method", "name", "description", "is_public", "group_id", "status", "created_at", "updated_at", "deleted_at") VALUES (42, '/api/v1/memberships/benefits', 'GET', 'GET memberships / benefits', NULL, 'f', NULL, 1, '2025-12-31 12:16:59.286+08', '2025-12-31 12:16:59.286+08', NULL);
INSERT INTO "public"."api_permissions" ("id", "path", "method", "name", "description", "is_public", "group_id", "status", "created_at", "updated_at", "deleted_at") VALUES (43, '/api/v1/memberships/history', 'GET', 'GET memberships / history', NULL, 'f', NULL, 1, '2025-12-31 12:16:59.288+08', '2025-12-31 12:16:59.288+08', NULL);
INSERT INTO "public"."api_permissions" ("id", "path", "method", "name", "description", "is_public", "group_id", "status", "created_at", "updated_at", "deleted_at") VALUES (44, '/api/v1/memberships/levels', 'GET', 'GET memberships / levels', NULL, 'f', NULL, 1, '2025-12-31 12:16:59.29+08', '2025-12-31 12:16:59.29+08', NULL);
INSERT INTO "public"."api_permissions" ("id", "path", "method", "name", "description", "is_public", "group_id", "status", "created_at", "updated_at", "deleted_at") VALUES (45, '/api/v1/memberships/levels/:id', 'GET', 'GET memberships / levels / [id]', NULL, 'f', NULL, 1, '2025-12-31 12:16:59.291+08', '2025-12-31 12:16:59.291+08', NULL);
INSERT INTO "public"."api_permissions" ("id", "path", "method", "name", "description", "is_public", "group_id", "status", "created_at", "updated_at", "deleted_at") VALUES (46, '/api/v1/memberships/me', 'GET', 'GET memberships / me', NULL, 'f', NULL, 1, '2025-12-31 12:16:59.293+08', '2025-12-31 12:16:59.293+08', NULL);
INSERT INTO "public"."api_permissions" ("id", "path", "method", "name", "description", "is_public", "group_id", "status", "created_at", "updated_at", "deleted_at") VALUES (47, '/api/v1/memberships/upgrade', 'POST', 'POST memberships / upgrade', NULL, 'f', NULL, 1, '2025-12-31 12:16:59.295+08', '2025-12-31 12:16:59.295+08', NULL);
INSERT INTO "public"."api_permissions" ("id", "path", "method", "name", "description", "is_public", "group_id", "status", "created_at", "updated_at", "deleted_at") VALUES (48, '/api/v1/memberships/upgrade/calculate', 'POST', 'POST memberships / upgrade / calculate', NULL, 'f', NULL, 1, '2025-12-31 12:16:59.296+08', '2025-12-31 12:16:59.296+08', NULL);
INSERT INTO "public"."api_permissions" ("id", "path", "method", "name", "description", "is_public", "group_id", "status", "created_at", "updated_at", "deleted_at") VALUES (49, '/api/v1/memberships/upgrade/options', 'GET', 'GET memberships / upgrade / options', NULL, 'f', NULL, 1, '2025-12-31 12:16:59.297+08', '2025-12-31 12:16:59.297+08', NULL);
INSERT INTO "public"."api_permissions" ("id", "path", "method", "name", "description", "is_public", "group_id", "status", "created_at", "updated_at", "deleted_at") VALUES (50, '/api/v1/memberships/upgrade/pay', 'POST', 'POST memberships / upgrade / pay', NULL, 'f', NULL, 1, '2025-12-31 12:16:59.299+08', '2025-12-31 12:16:59.299+08', NULL);
INSERT INTO "public"."api_permissions" ("id", "path", "method", "name", "description", "is_public", "group_id", "status", "created_at", "updated_at", "deleted_at") VALUES (51, '/api/v1/memberships/upgrade/records', 'GET', 'GET memberships / upgrade / records', NULL, 'f', NULL, 1, '2025-12-31 12:16:59.3+08', '2025-12-31 12:16:59.3+08', NULL);
INSERT INTO "public"."api_permissions" ("id", "path", "method", "name", "description", "is_public", "group_id", "status", "created_at", "updated_at", "deleted_at") VALUES (52, '/api/v1/payments/callback/wechat', 'POST', 'POST payments / callback / wechat', NULL, 't', NULL, 1, '2025-12-31 12:16:59.302+08', '2025-12-31 12:16:59.302+08', NULL);
INSERT INTO "public"."api_permissions" ("id", "path", "method", "name", "description", "is_public", "group_id", "status", "created_at", "updated_at", "deleted_at") VALUES (53, '/api/v1/payments/create', 'POST', 'POST payments / create', NULL, 'f', NULL, 1, '2025-12-31 12:16:59.303+08', '2025-12-31 12:16:59.303+08', NULL);
INSERT INTO "public"."api_permissions" ("id", "path", "method", "name", "description", "is_public", "group_id", "status", "created_at", "updated_at", "deleted_at") VALUES (54, '/api/v1/payments/orders', 'GET', 'GET payments / orders', NULL, 'f', NULL, 1, '2025-12-31 12:16:59.304+08', '2025-12-31 12:16:59.304+08', NULL);
INSERT INTO "public"."api_permissions" ("id", "path", "method", "name", "description", "is_public", "group_id", "status", "created_at", "updated_at", "deleted_at") VALUES (55, '/api/v1/payments/orders/[id]/cancel', 'POST', 'POST payments / orders / [id] / cancel', NULL, 'f', NULL, 1, '2025-12-31 12:16:59.305+08', '2025-12-31 12:16:59.305+08', NULL);
INSERT INTO "public"."api_permissions" ("id", "path", "method", "name", "description", "is_public", "group_id", "status", "created_at", "updated_at", "deleted_at") VALUES (56, '/api/v1/payments/orders/[id]/pay', 'POST', 'POST payments / orders / [id] / pay', NULL, 'f', NULL, 1, '2025-12-31 12:16:59.307+08', '2025-12-31 12:16:59.307+08', NULL);
INSERT INTO "public"."api_permissions" ("id", "path", "method", "name", "description", "is_public", "group_id", "status", "created_at", "updated_at", "deleted_at") VALUES (57, '/api/v1/payments/query', 'GET', 'GET payments / query', NULL, 'f', NULL, 1, '2025-12-31 12:16:59.309+08', '2025-12-31 12:16:59.309+08', NULL);
INSERT INTO "public"."api_permissions" ("id", "path", "method", "name", "description", "is_public", "group_id", "status", "created_at", "updated_at", "deleted_at") VALUES (58, '/api/v1/points/info', 'GET', 'GET points / info', NULL, 'f', NULL, 1, '2025-12-31 12:16:59.311+08', '2025-12-31 12:16:59.311+08', NULL);
INSERT INTO "public"."api_permissions" ("id", "path", "method", "name", "description", "is_public", "group_id", "status", "created_at", "updated_at", "deleted_at") VALUES (59, '/api/v1/points/records', 'GET', 'GET points / records', NULL, 'f', NULL, 1, '2025-12-31 12:16:59.312+08', '2025-12-31 12:16:59.312+08', NULL);
INSERT INTO "public"."api_permissions" ("id", "path", "method", "name", "description", "is_public", "group_id", "status", "created_at", "updated_at", "deleted_at") VALUES (60, '/api/v1/points/usage', 'GET', 'GET points / usage', NULL, 'f', NULL, 1, '2025-12-31 12:16:59.313+08', '2025-12-31 12:16:59.313+08', NULL);
INSERT INTO "public"."api_permissions" ("id", "path", "method", "name", "description", "is_public", "group_id", "status", "created_at", "updated_at", "deleted_at") VALUES (61, '/api/v1/products', 'GET', 'GET products', NULL, 'f', NULL, 1, '2025-12-31 12:16:59.315+08', '2025-12-31 12:16:59.315+08', NULL);
INSERT INTO "public"."api_permissions" ("id", "path", "method", "name", "description", "is_public", "group_id", "status", "created_at", "updated_at", "deleted_at") VALUES (62, '/api/v1/products/:id', 'GET', 'GET products / [id]', NULL, 'f', NULL, 1, '2025-12-31 12:16:59.316+08', '2025-12-31 12:16:59.316+08', NULL);
INSERT INTO "public"."api_permissions" ("id", "path", "method", "name", "description", "is_public", "group_id", "status", "created_at", "updated_at", "deleted_at") VALUES (63, '/api/v1/redemption-codes/info', 'GET', 'GET redemption codes / info', NULL, 'f', NULL, 1, '2025-12-31 12:16:59.318+08', '2025-12-31 12:16:59.318+08', NULL);
INSERT INTO "public"."api_permissions" ("id", "path", "method", "name", "description", "is_public", "group_id", "status", "created_at", "updated_at", "deleted_at") VALUES (64, '/api/v1/redemption-codes/me', 'GET', 'GET redemption codes / me', NULL, 'f', NULL, 1, '2025-12-31 12:16:59.32+08', '2025-12-31 12:16:59.32+08', NULL);
INSERT INTO "public"."api_permissions" ("id", "path", "method", "name", "description", "is_public", "group_id", "status", "created_at", "updated_at", "deleted_at") VALUES (65, '/api/v1/redemption-codes/redeem', 'POST', 'POST redemption codes / redeem', NULL, 'f', NULL, 1, '2025-12-31 12:16:59.321+08', '2025-12-31 12:16:59.321+08', NULL);
INSERT INTO "public"."api_permissions" ("id", "path", "method", "name", "description", "is_public", "group_id", "status", "created_at", "updated_at", "deleted_at") VALUES (66, '/api/v1/sms/send', 'POST', 'POST sms / send', NULL, 't', NULL, 1, '2025-12-31 12:16:59.323+08', '2025-12-31 12:16:59.323+08', NULL);
INSERT INTO "public"."api_permissions" ("id", "path", "method", "name", "description", "is_public", "group_id", "status", "created_at", "updated_at", "deleted_at") VALUES (67, '/api/v1/storage/callback', 'POST', 'POST storage / callback', NULL, 't', NULL, 1, '2025-12-31 12:16:59.324+08', '2025-12-31 12:16:59.324+08', NULL);
INSERT INTO "public"."api_permissions" ("id", "path", "method", "name", "description", "is_public", "group_id", "status", "created_at", "updated_at", "deleted_at") VALUES (68, '/api/v1/storage/config', 'GET', 'GET storage / config', NULL, 'f', NULL, 1, '2025-12-31 12:16:59.326+08', '2025-12-31 12:16:59.326+08', NULL);
INSERT INTO "public"."api_permissions" ("id", "path", "method", "name", "description", "is_public", "group_id", "status", "created_at", "updated_at", "deleted_at") VALUES (69, '/api/v1/storage/config', 'POST', 'POST storage / config', NULL, 'f', NULL, 1, '2025-12-31 12:16:59.327+08', '2025-12-31 12:16:59.327+08', NULL);
INSERT INTO "public"."api_permissions" ("id", "path", "method", "name", "description", "is_public", "group_id", "status", "created_at", "updated_at", "deleted_at") VALUES (70, '/api/v1/storage/config/:id', 'DELETE', 'DELETE storage / config / [id]', NULL, 'f', NULL, 1, '2025-12-31 12:16:59.328+08', '2025-12-31 12:16:59.328+08', NULL);
INSERT INTO "public"."api_permissions" ("id", "path", "method", "name", "description", "is_public", "group_id", "status", "created_at", "updated_at", "deleted_at") VALUES (71, '/api/v1/storage/config/:id', 'PUT', 'PUT storage / config / [id]', NULL, 'f', NULL, 1, '2025-12-31 12:16:59.33+08', '2025-12-31 12:16:59.33+08', NULL);
INSERT INTO "public"."api_permissions" ("id", "path", "method", "name", "description", "is_public", "group_id", "status", "created_at", "updated_at", "deleted_at") VALUES (72, '/api/v1/storage/config/test', 'POST', 'POST storage / config / test', NULL, 'f', NULL, 1, '2025-12-31 12:16:59.331+08', '2025-12-31 12:16:59.331+08', NULL);
INSERT INTO "public"."api_permissions" ("id", "path", "method", "name", "description", "is_public", "group_id", "status", "created_at", "updated_at", "deleted_at") VALUES (73, '/api/v1/storage/presigned-url', 'GET', 'GET storage / presigned url', NULL, 'f', NULL, 1, '2025-12-31 12:16:59.333+08', '2025-12-31 12:16:59.333+08', NULL);
INSERT INTO "public"."api_permissions" ("id", "path", "method", "name", "description", "is_public", "group_id", "status", "created_at", "updated_at", "deleted_at") VALUES (74, '/api/v1/storage/presigned-url', 'POST', 'POST storage / presigned url', NULL, 'f', NULL, 1, '2025-12-31 12:16:59.335+08', '2025-12-31 12:16:59.335+08', NULL);
INSERT INTO "public"."api_permissions" ("id", "path", "method", "name", "description", "is_public", "group_id", "status", "created_at", "updated_at", "deleted_at") VALUES (75, '/api/v1/storage/presigned-url/config', 'GET', 'GET storage / presigned url / config', NULL, 'f', NULL, 1, '2025-12-31 12:16:59.337+08', '2025-12-31 12:16:59.337+08', NULL);
INSERT INTO "public"."api_permissions" ("id", "path", "method", "name", "description", "is_public", "group_id", "status", "created_at", "updated_at", "deleted_at") VALUES (76, '/api/v1/users/invitees', 'GET', 'GET users / invitees', NULL, 'f', NULL, 1, '2025-12-31 12:16:59.338+08', '2025-12-31 12:16:59.338+08', NULL);
INSERT INTO "public"."api_permissions" ("id", "path", "method", "name", "description", "is_public", "group_id", "status", "created_at", "updated_at", "deleted_at") VALUES (77, '/api/v1/users/me', 'GET', 'GET users / me', NULL, 'f', NULL, 1, '2025-12-31 12:16:59.34+08', '2025-12-31 12:16:59.34+08', NULL);
INSERT INTO "public"."api_permissions" ("id", "path", "method", "name", "description", "is_public", "group_id", "status", "created_at", "updated_at", "deleted_at") VALUES (78, '/api/v1/users/password', 'PUT', 'PUT users / password', NULL, 'f', NULL, 1, '2025-12-31 12:16:59.342+08', '2025-12-31 12:16:59.342+08', NULL);
INSERT INTO "public"."api_permissions" ("id", "path", "method", "name", "description", "is_public", "group_id", "status", "created_at", "updated_at", "deleted_at") VALUES (79, '/api/v1/users/permissions', 'GET', 'GET users / permissions', NULL, 'f', NULL, 1, '2025-12-31 12:16:59.343+08', '2025-12-31 12:16:59.343+08', NULL);
INSERT INTO "public"."api_permissions" ("id", "path", "method", "name", "description", "is_public", "group_id", "status", "created_at", "updated_at", "deleted_at") VALUES (80, '/api/v1/users/profile', 'PUT', 'PUT users / profile', NULL, 'f', NULL, 1, '2025-12-31 12:16:59.345+08', '2025-12-31 12:16:59.345+08', NULL);
INSERT INTO "public"."api_permissions" ("id", "path", "method", "name", "description", "is_public", "group_id", "status", "created_at", "updated_at", "deleted_at") VALUES (81, '/api/v1/users/roles', 'GET', 'GET users / roles', NULL, 'f', NULL, 1, '2025-12-31 12:16:59.346+08', '2025-12-31 12:16:59.346+08', NULL);
INSERT INTO "public"."api_permissions" ("id", "path", "method", "name", "description", "is_public", "group_id", "status", "created_at", "updated_at", "deleted_at") VALUES (82, '/api/v1/users/routers', 'GET', 'GET users / routers', NULL, 'f', NULL, 1, '2025-12-31 12:16:59.347+08', '2025-12-31 12:16:59.347+08', NULL);
INSERT INTO "public"."api_permissions" ("id", "path", "method", "name", "description", "is_public", "group_id", "status", "created_at", "updated_at", "deleted_at") VALUES (83, '/api/v1/admin/redemption-codes', 'GET', 'GET admin / redemption codes', NULL, 'f', NULL, 1, '2026-01-02 04:08:22.102+08', '2026-01-02 04:08:22.102+08', NULL);
INSERT INTO "public"."api_permissions" ("id", "path", "method", "name", "description", "is_public", "group_id", "status", "created_at", "updated_at", "deleted_at") VALUES (84, '/api/v1/admin/redemption-codes', 'POST', 'POST admin / redemption codes', NULL, 'f', NULL, 1, '2026-01-02 04:08:22.104+08', '2026-01-02 04:08:22.104+08', NULL);
INSERT INTO "public"."api_permissions" ("id", "path", "method", "name", "description", "is_public", "group_id", "status", "created_at", "updated_at", "deleted_at") VALUES (85, '/api/v1/admin/redemption-codes/[id]/invalidate', 'PUT', 'PUT admin / redemption codes / [id] / invalidate', NULL, 'f', NULL, 1, '2026-01-02 04:08:22.105+08', '2026-01-02 04:08:22.105+08', NULL);
INSERT INTO "public"."api_permissions" ("id", "path", "method", "name", "description", "is_public", "group_id", "status", "created_at", "updated_at", "deleted_at") VALUES (86, '/api/v1/admin/redemption-codes/export', 'GET', 'GET admin / redemption codes / export', NULL, 'f', NULL, 1, '2026-01-02 04:08:22.106+08', '2026-01-02 04:08:22.106+08', NULL);
INSERT INTO "public"."api_permissions" ("id", "path", "method", "name", "description", "is_public", "group_id", "status", "created_at", "updated_at", "deleted_at") VALUES (87, '/api/v1/admin/redemption-codes/records', 'GET', 'GET admin / redemption codes / records', NULL, 'f', NULL, 1, '2026-01-02 04:08:22.107+08', '2026-01-02 04:08:22.107+08', NULL);
INSERT INTO "public"."api_permissions" ("id", "path", "method", "name", "description", "is_public", "group_id", "status", "created_at", "updated_at", "deleted_at") VALUES (88, '/api/v1/wechat/auth-callback', 'GET', 'GET wechat / auth callback', NULL, 't', NULL, 1, '2026-01-02 04:08:22.108+08', '2026-01-02 04:08:22.108+08', NULL);
INSERT INTO "public"."api_permissions" ("id", "path", "method", "name", "description", "is_public", "group_id", "status", "created_at", "updated_at", "deleted_at") VALUES (89, '/api/v1/wechat/openid', 'POST', 'POST wechat / openid', NULL, 't', NULL, 1, '2026-01-02 04:08:22.109+08', '2026-01-02 04:08:22.109+08', NULL);
INSERT INTO "public"."api_permissions" ("id", "path", "method", "name", "description", "is_public", "group_id", "status", "created_at", "updated_at", "deleted_at") VALUES (90, '/api/v1/users/benefits', 'GET', 'GET users / benefits', NULL, 'f', NULL, 1, '2026-01-03 08:08:03.584+08', '2026-01-03 08:08:03.584+08', NULL);
INSERT INTO "public"."api_permissions" ("id", "path", "method", "name", "description", "is_public", "group_id", "status", "created_at", "updated_at", "deleted_at") VALUES (91, '/api/v1/users/benefits/:benefitCode', 'GET', 'GET users / benefits / [benefitCode]', NULL, 'f', NULL, 1, '2026-01-03 08:08:03.594+08', '2026-01-03 08:08:03.594+08', NULL);
INSERT INTO "public"."api_permissions" ("id", "path", "method", "name", "description", "is_public", "group_id", "status", "created_at", "updated_at", "deleted_at") VALUES (92, '/api/v1/admin/benefits', 'GET', 'GET admin / benefits', NULL, 'f', NULL, 1, '2026-01-03 11:30:34.48+08', '2026-01-03 11:30:34.48+08', NULL);
INSERT INTO "public"."api_permissions" ("id", "path", "method", "name", "description", "is_public", "group_id", "status", "created_at", "updated_at", "deleted_at") VALUES (93, '/api/v1/admin/benefits', 'POST', 'POST admin / benefits', NULL, 'f', NULL, 1, '2026-01-03 11:30:34.485+08', '2026-01-03 11:30:34.485+08', NULL);
INSERT INTO "public"."api_permissions" ("id", "path", "method", "name", "description", "is_public", "group_id", "status", "created_at", "updated_at", "deleted_at") VALUES (94, '/api/v1/admin/benefits/:id', 'DELETE', 'DELETE admin / benefits / [id]', NULL, 'f', NULL, 1, '2026-01-03 11:30:34.487+08', '2026-01-03 11:30:34.487+08', NULL);
INSERT INTO "public"."api_permissions" ("id", "path", "method", "name", "description", "is_public", "group_id", "status", "created_at", "updated_at", "deleted_at") VALUES (95, '/api/v1/admin/benefits/:id', 'PUT', 'PUT admin / benefits / [id]', NULL, 'f', NULL, 1, '2026-01-03 11:30:34.489+08', '2026-01-03 11:30:34.489+08', NULL);
INSERT INTO "public"."api_permissions" ("id", "path", "method", "name", "description", "is_public", "group_id", "status", "created_at", "updated_at", "deleted_at") VALUES (96, '/api/v1/admin/benefits/[id]/status', 'PUT', 'PUT admin / benefits / [id] / status', NULL, 'f', NULL, 1, '2026-01-03 11:30:34.491+08', '2026-01-03 11:30:34.491+08', NULL);
INSERT INTO "public"."api_permissions" ("id", "path", "method", "name", "description", "is_public", "group_id", "status", "created_at", "updated_at", "deleted_at") VALUES (97, '/api/v1/admin/membership-benefits', 'GET', 'GET admin / membership benefits', NULL, 'f', NULL, 1, '2026-01-03 11:30:34.492+08', '2026-01-03 11:30:34.492+08', NULL);
INSERT INTO "public"."api_permissions" ("id", "path", "method", "name", "description", "is_public", "group_id", "status", "created_at", "updated_at", "deleted_at") VALUES (98, '/api/v1/admin/membership-benefits/:levelId', 'PUT', 'PUT admin / membership benefits / [levelId]', NULL, 'f', NULL, 1, '2026-01-03 11:30:34.494+08', '2026-01-03 11:30:34.494+08', NULL);
INSERT INTO "public"."api_permissions" ("id", "path", "method", "name", "description", "is_public", "group_id", "status", "created_at", "updated_at", "deleted_at") VALUES (99, '/api/v1/admin/users/[id]/benefits', 'GET', 'GET admin / users / [id] / benefits', NULL, 'f', NULL, 1, '2026-01-03 11:30:34.496+08', '2026-01-03 11:30:34.496+08', NULL);
INSERT INTO "public"."api_permissions" ("id", "path", "method", "name", "description", "is_public", "group_id", "status", "created_at", "updated_at", "deleted_at") VALUES (100, '/api/v1/admin/users/[id]/benefits', 'POST', 'POST admin / users / [id] / benefits', NULL, 'f', NULL, 1, '2026-01-03 11:30:34.497+08', '2026-01-03 11:30:34.497+08', NULL);
INSERT INTO "public"."api_permissions" ("id", "path", "method", "name", "description", "is_public", "group_id", "status", "created_at", "updated_at", "deleted_at") VALUES (101, '/api/v1/admin/users/[id]/benefits/[benefitId]/disable', 'PUT', 'PUT admin / users / [id] / benefits / [benefitId] / disable', NULL, 'f', NULL, 1, '2026-01-03 11:30:34.499+08', '2026-01-03 11:30:34.499+08', NULL);
INSERT INTO "public"."api_permissions" ("id", "path", "method", "name", "description", "is_public", "group_id", "status", "created_at", "updated_at", "deleted_at") VALUES (102, '/api/v1/admin/users/search', 'GET', 'GET admin / users / search', NULL, 'f', NULL, 1, '2026-01-03 11:30:34.501+08', '2026-01-03 11:30:34.501+08', NULL);
INSERT INTO "public"."api_permissions" ("id", "path", "method", "name", "description", "is_public", "group_id", "status", "created_at", "updated_at", "deleted_at") VALUES (103, '/api/v1/admin/campaigns', 'GET', 'GET admin / campaigns', NULL, 'f', NULL, 1, '2026-01-05 10:01:57.917+08', '2026-01-05 10:01:57.917+08', NULL);
INSERT INTO "public"."api_permissions" ("id", "path", "method", "name", "description", "is_public", "group_id", "status", "created_at", "updated_at", "deleted_at") VALUES (104, '/api/v1/admin/campaigns', 'POST', 'POST admin / campaigns', NULL, 'f', NULL, 1, '2026-01-05 10:01:57.92+08', '2026-01-05 10:01:57.92+08', NULL);
INSERT INTO "public"."api_permissions" ("id", "path", "method", "name", "description", "is_public", "group_id", "status", "created_at", "updated_at", "deleted_at") VALUES (105, '/api/v1/admin/campaigns/:id', 'DELETE', 'DELETE admin / campaigns / [id]', NULL, 'f', NULL, 1, '2026-01-05 10:01:57.922+08', '2026-01-05 10:01:57.922+08', NULL);
INSERT INTO "public"."api_permissions" ("id", "path", "method", "name", "description", "is_public", "group_id", "status", "created_at", "updated_at", "deleted_at") VALUES (106, '/api/v1/admin/campaigns/:id', 'GET', 'GET admin / campaigns / [id]', NULL, 'f', NULL, 1, '2026-01-05 10:01:57.924+08', '2026-01-05 10:01:57.924+08', NULL);
INSERT INTO "public"."api_permissions" ("id", "path", "method", "name", "description", "is_public", "group_id", "status", "created_at", "updated_at", "deleted_at") VALUES (107, '/api/v1/admin/campaigns/:id', 'PUT', 'PUT admin / campaigns / [id]', NULL, 'f', NULL, 1, '2026-01-05 10:01:57.926+08', '2026-01-05 10:01:57.926+08', NULL);
INSERT INTO "public"."api_permissions" ("id", "path", "method", "name", "description", "is_public", "group_id", "status", "created_at", "updated_at", "deleted_at") VALUES (108, '/api/v1/admin/campaigns/[id]/status', 'PATCH', 'PATCH admin / campaigns / [id] / status', NULL, 'f', NULL, 1, '2026-01-05 10:01:57.927+08', '2026-01-05 10:01:57.927+08', NULL);
INSERT INTO "public"."api_permissions" ("id", "path", "method", "name", "description", "is_public", "group_id", "status", "created_at", "updated_at", "deleted_at") VALUES (109, '/api/v1/admin/law-embeddings', 'GET', 'GET admin / law embeddings', NULL, 'f', NULL, 1, '2026-01-05 10:01:57.929+08', '2026-01-05 10:01:57.929+08', NULL);
INSERT INTO "public"."api_permissions" ("id", "path", "method", "name", "description", "is_public", "group_id", "status", "created_at", "updated_at", "deleted_at") VALUES (110, '/api/v1/admin/law-embeddings/:id', 'DELETE', 'DELETE admin / law embeddings / [id]', NULL, 'f', NULL, 1, '2026-01-05 10:01:57.93+08', '2026-01-05 10:01:57.93+08', NULL);
INSERT INTO "public"."api_permissions" ("id", "path", "method", "name", "description", "is_public", "group_id", "status", "created_at", "updated_at", "deleted_at") VALUES (111, '/api/v1/admin/law-embeddings/:id', 'GET', 'GET admin / law embeddings / [id]', NULL, 'f', NULL, 1, '2026-01-05 10:01:57.931+08', '2026-01-05 10:01:57.931+08', NULL);
INSERT INTO "public"."api_permissions" ("id", "path", "method", "name", "description", "is_public", "group_id", "status", "created_at", "updated_at", "deleted_at") VALUES (112, '/api/v1/admin/law-embeddings/:id', 'PUT', 'PUT admin / law embeddings / [id]', NULL, 'f', NULL, 1, '2026-01-05 10:01:57.933+08', '2026-01-05 10:01:57.933+08', NULL);
INSERT INTO "public"."api_permissions" ("id", "path", "method", "name", "description", "is_public", "group_id", "status", "created_at", "updated_at", "deleted_at") VALUES (113, '/api/v1/admin/legal-articles', 'GET', 'GET admin / legal articles', NULL, 'f', NULL, 1, '2026-01-05 10:01:57.934+08', '2026-01-05 10:01:57.934+08', NULL);
INSERT INTO "public"."api_permissions" ("id", "path", "method", "name", "description", "is_public", "group_id", "status", "created_at", "updated_at", "deleted_at") VALUES (114, '/api/v1/admin/legal-articles', 'POST', 'POST admin / legal articles', NULL, 'f', NULL, 1, '2026-01-05 10:01:57.935+08', '2026-01-05 10:01:57.935+08', NULL);
INSERT INTO "public"."api_permissions" ("id", "path", "method", "name", "description", "is_public", "group_id", "status", "created_at", "updated_at", "deleted_at") VALUES (115, '/api/v1/admin/legal-articles/:id', 'DELETE', 'DELETE admin / legal articles / [id]', NULL, 'f', NULL, 1, '2026-01-05 10:01:57.936+08', '2026-01-05 10:01:57.936+08', NULL);
INSERT INTO "public"."api_permissions" ("id", "path", "method", "name", "description", "is_public", "group_id", "status", "created_at", "updated_at", "deleted_at") VALUES (116, '/api/v1/admin/legal-articles/:id', 'GET', 'GET admin / legal articles / [id]', NULL, 'f', NULL, 1, '2026-01-05 10:01:57.938+08', '2026-01-05 10:01:57.938+08', NULL);
INSERT INTO "public"."api_permissions" ("id", "path", "method", "name", "description", "is_public", "group_id", "status", "created_at", "updated_at", "deleted_at") VALUES (117, '/api/v1/admin/legal-articles/:id', 'PUT', 'PUT admin / legal articles / [id]', NULL, 'f', NULL, 1, '2026-01-05 10:01:57.939+08', '2026-01-05 10:01:57.939+08', NULL);
INSERT INTO "public"."api_permissions" ("id", "path", "method", "name", "description", "is_public", "group_id", "status", "created_at", "updated_at", "deleted_at") VALUES (118, '/api/v1/admin/legal-articles/[id]/embed', 'POST', 'POST admin / legal articles / [id] / embed', NULL, 'f', NULL, 1, '2026-01-05 10:01:57.94+08', '2026-01-05 10:01:57.94+08', NULL);
INSERT INTO "public"."api_permissions" ("id", "path", "method", "name", "description", "is_public", "group_id", "status", "created_at", "updated_at", "deleted_at") VALUES (119, '/api/v1/admin/legal-articles/batch-embed', 'POST', 'POST admin / legal articles / batch embed', NULL, 'f', NULL, 1, '2026-01-05 10:01:57.941+08', '2026-01-05 10:01:57.941+08', NULL);
INSERT INTO "public"."api_permissions" ("id", "path", "method", "name", "description", "is_public", "group_id", "status", "created_at", "updated_at", "deleted_at") VALUES (120, '/api/v1/admin/legal-articles/batch-save', 'POST', 'POST admin / legal articles / batch save', NULL, 'f', NULL, 1, '2026-01-05 10:01:57.943+08', '2026-01-05 10:01:57.943+08', NULL);
INSERT INTO "public"."api_permissions" ("id", "path", "method", "name", "description", "is_public", "group_id", "status", "created_at", "updated_at", "deleted_at") VALUES (121, '/api/v1/admin/legal-articles/batch-sort', 'POST', 'POST admin / legal articles / batch sort', NULL, 'f', NULL, 1, '2026-01-05 10:01:57.944+08', '2026-01-05 10:01:57.944+08', NULL);
INSERT INTO "public"."api_permissions" ("id", "path", "method", "name", "description", "is_public", "group_id", "status", "created_at", "updated_at", "deleted_at") VALUES (122, '/api/v1/admin/legal-articles/parse', 'POST', 'POST admin / legal articles / parse', NULL, 'f', NULL, 1, '2026-01-05 10:01:57.945+08', '2026-01-05 10:01:57.945+08', NULL);
INSERT INTO "public"."api_permissions" ("id", "path", "method", "name", "description", "is_public", "group_id", "status", "created_at", "updated_at", "deleted_at") VALUES (123, '/api/v1/admin/legal-articles/sort-tree', 'GET', 'GET admin / legal articles / sort tree', NULL, 'f', NULL, 1, '2026-01-05 10:01:57.946+08', '2026-01-05 10:01:57.946+08', NULL);
INSERT INTO "public"."api_permissions" ("id", "path", "method", "name", "description", "is_public", "group_id", "status", "created_at", "updated_at", "deleted_at") VALUES (124, '/api/v1/admin/legal-main', 'GET', 'GET admin / legal main', NULL, 'f', NULL, 1, '2026-01-05 10:01:57.947+08', '2026-01-05 10:01:57.947+08', NULL);
INSERT INTO "public"."api_permissions" ("id", "path", "method", "name", "description", "is_public", "group_id", "status", "created_at", "updated_at", "deleted_at") VALUES (125, '/api/v1/admin/legal-main', 'POST', 'POST admin / legal main', NULL, 'f', NULL, 1, '2026-01-05 10:01:57.948+08', '2026-01-05 10:01:57.948+08', NULL);
INSERT INTO "public"."api_permissions" ("id", "path", "method", "name", "description", "is_public", "group_id", "status", "created_at", "updated_at", "deleted_at") VALUES (126, '/api/v1/admin/legal-main/:id', 'DELETE', 'DELETE admin / legal main / [id]', NULL, 'f', NULL, 1, '2026-01-05 10:01:57.95+08', '2026-01-05 10:01:57.95+08', NULL);
INSERT INTO "public"."api_permissions" ("id", "path", "method", "name", "description", "is_public", "group_id", "status", "created_at", "updated_at", "deleted_at") VALUES (127, '/api/v1/admin/legal-main/:id', 'GET', 'GET admin / legal main / [id]', NULL, 'f', NULL, 1, '2026-01-05 10:01:57.951+08', '2026-01-05 10:01:57.951+08', NULL);
INSERT INTO "public"."api_permissions" ("id", "path", "method", "name", "description", "is_public", "group_id", "status", "created_at", "updated_at", "deleted_at") VALUES (128, '/api/v1/admin/legal-main/:id', 'PUT', 'PUT admin / legal main / [id]', NULL, 'f', NULL, 1, '2026-01-05 10:01:57.952+08', '2026-01-05 10:01:57.952+08', NULL);
INSERT INTO "public"."api_permissions" ("id", "path", "method", "name", "description", "is_public", "group_id", "status", "created_at", "updated_at", "deleted_at") VALUES (129, '/api/v1/admin/legal-main/[id]/statistics', 'GET', 'GET admin / legal main / [id] / statistics', NULL, 'f', NULL, 1, '2026-01-05 10:01:57.953+08', '2026-01-05 10:01:57.953+08', NULL);
INSERT INTO "public"."api_permissions" ("id", "path", "method", "name", "description", "is_public", "group_id", "status", "created_at", "updated_at", "deleted_at") VALUES (130, '/api/v1/admin/model-api-keys', 'GET', 'GET admin / model api keys', NULL, 'f', NULL, 1, '2026-01-05 10:01:57.954+08', '2026-01-05 10:01:57.954+08', NULL);
INSERT INTO "public"."api_permissions" ("id", "path", "method", "name", "description", "is_public", "group_id", "status", "created_at", "updated_at", "deleted_at") VALUES (131, '/api/v1/admin/model-api-keys', 'POST', 'POST admin / model api keys', NULL, 'f', NULL, 1, '2026-01-05 10:01:57.955+08', '2026-01-05 10:01:57.955+08', NULL);
INSERT INTO "public"."api_permissions" ("id", "path", "method", "name", "description", "is_public", "group_id", "status", "created_at", "updated_at", "deleted_at") VALUES (132, '/api/v1/admin/model-api-keys/:id', 'DELETE', 'DELETE admin / model api keys / [id]', NULL, 'f', NULL, 1, '2026-01-05 10:01:57.956+08', '2026-01-05 10:01:57.956+08', NULL);
INSERT INTO "public"."api_permissions" ("id", "path", "method", "name", "description", "is_public", "group_id", "status", "created_at", "updated_at", "deleted_at") VALUES (133, '/api/v1/admin/model-api-keys/:id', 'GET', 'GET admin / model api keys / [id]', NULL, 'f', NULL, 1, '2026-01-05 10:01:57.957+08', '2026-01-05 10:01:57.957+08', NULL);
INSERT INTO "public"."api_permissions" ("id", "path", "method", "name", "description", "is_public", "group_id", "status", "created_at", "updated_at", "deleted_at") VALUES (134, '/api/v1/admin/model-api-keys/:id', 'PUT', 'PUT admin / model api keys / [id]', NULL, 'f', NULL, 1, '2026-01-05 10:01:57.959+08', '2026-01-05 10:01:57.959+08', NULL);
INSERT INTO "public"."api_permissions" ("id", "path", "method", "name", "description", "is_public", "group_id", "status", "created_at", "updated_at", "deleted_at") VALUES (135, '/api/v1/admin/model-api-keys/default/:id', 'PUT', 'PUT admin / model api keys / default / [id]', NULL, 'f', NULL, 1, '2026-01-05 10:01:57.96+08', '2026-01-05 10:01:57.96+08', NULL);
INSERT INTO "public"."api_permissions" ("id", "path", "method", "name", "description", "is_public", "group_id", "status", "created_at", "updated_at", "deleted_at") VALUES (136, '/api/v1/admin/model-providers', 'GET', 'GET admin / model providers', NULL, 'f', NULL, 1, '2026-01-05 10:01:57.961+08', '2026-01-05 10:01:57.961+08', NULL);
INSERT INTO "public"."api_permissions" ("id", "path", "method", "name", "description", "is_public", "group_id", "status", "created_at", "updated_at", "deleted_at") VALUES (137, '/api/v1/admin/model-providers', 'POST', 'POST admin / model providers', NULL, 'f', NULL, 1, '2026-01-05 10:01:57.962+08', '2026-01-05 10:01:57.962+08', NULL);
INSERT INTO "public"."api_permissions" ("id", "path", "method", "name", "description", "is_public", "group_id", "status", "created_at", "updated_at", "deleted_at") VALUES (138, '/api/v1/admin/model-providers/:id', 'DELETE', 'DELETE admin / model providers / [id]', NULL, 'f', NULL, 1, '2026-01-05 10:01:57.963+08', '2026-01-05 10:01:57.963+08', NULL);
INSERT INTO "public"."api_permissions" ("id", "path", "method", "name", "description", "is_public", "group_id", "status", "created_at", "updated_at", "deleted_at") VALUES (139, '/api/v1/admin/model-providers/:id', 'GET', 'GET admin / model providers / [id]', NULL, 'f', NULL, 1, '2026-01-05 10:01:57.964+08', '2026-01-05 10:01:57.964+08', NULL);
INSERT INTO "public"."api_permissions" ("id", "path", "method", "name", "description", "is_public", "group_id", "status", "created_at", "updated_at", "deleted_at") VALUES (140, '/api/v1/admin/model-providers/:id', 'PUT', 'PUT admin / model providers / [id]', NULL, 'f', NULL, 1, '2026-01-05 10:01:57.965+08', '2026-01-05 10:01:57.965+08', NULL);
INSERT INTO "public"."api_permissions" ("id", "path", "method", "name", "description", "is_public", "group_id", "status", "created_at", "updated_at", "deleted_at") VALUES (141, '/api/v1/admin/models', 'GET', 'GET admin / models', NULL, 'f', NULL, 1, '2026-01-05 10:01:57.967+08', '2026-01-05 10:01:57.967+08', NULL);
INSERT INTO "public"."api_permissions" ("id", "path", "method", "name", "description", "is_public", "group_id", "status", "created_at", "updated_at", "deleted_at") VALUES (142, '/api/v1/admin/models', 'POST', 'POST admin / models', NULL, 'f', NULL, 1, '2026-01-05 10:01:57.968+08', '2026-01-05 10:01:57.968+08', NULL);
INSERT INTO "public"."api_permissions" ("id", "path", "method", "name", "description", "is_public", "group_id", "status", "created_at", "updated_at", "deleted_at") VALUES (143, '/api/v1/admin/models/:id', 'DELETE', 'DELETE admin / models / [id]', NULL, 'f', NULL, 1, '2026-01-05 10:01:57.969+08', '2026-01-05 10:01:57.969+08', NULL);
INSERT INTO "public"."api_permissions" ("id", "path", "method", "name", "description", "is_public", "group_id", "status", "created_at", "updated_at", "deleted_at") VALUES (144, '/api/v1/admin/models/:id', 'GET', 'GET admin / models / [id]', NULL, 'f', NULL, 1, '2026-01-05 10:01:57.971+08', '2026-01-05 10:01:57.971+08', NULL);
INSERT INTO "public"."api_permissions" ("id", "path", "method", "name", "description", "is_public", "group_id", "status", "created_at", "updated_at", "deleted_at") VALUES (145, '/api/v1/admin/models/:id', 'PUT', 'PUT admin / models / [id]', NULL, 'f', NULL, 1, '2026-01-05 10:01:57.975+08', '2026-01-05 10:01:57.975+08', NULL);
INSERT INTO "public"."api_permissions" ("id", "path", "method", "name", "description", "is_public", "group_id", "status", "created_at", "updated_at", "deleted_at") VALUES (146, '/api/v1/admin/models/default/:id', 'PUT', 'PUT admin / models / default / [id]', NULL, 'f', NULL, 1, '2026-01-05 10:01:57.976+08', '2026-01-05 10:01:57.976+08', NULL);
INSERT INTO "public"."api_permissions" ("id", "path", "method", "name", "description", "is_public", "group_id", "status", "created_at", "updated_at", "deleted_at") VALUES (147, '/api/v1/admin/products', 'GET', 'GET admin / products', NULL, 'f', NULL, 1, '2026-01-05 10:01:57.977+08', '2026-01-05 10:01:57.977+08', NULL);
INSERT INTO "public"."api_permissions" ("id", "path", "method", "name", "description", "is_public", "group_id", "status", "created_at", "updated_at", "deleted_at") VALUES (148, '/api/v1/admin/products', 'POST', 'POST admin / products', NULL, 'f', NULL, 1, '2026-01-05 10:01:57.979+08', '2026-01-05 10:01:57.979+08', NULL);
INSERT INTO "public"."api_permissions" ("id", "path", "method", "name", "description", "is_public", "group_id", "status", "created_at", "updated_at", "deleted_at") VALUES (149, '/api/v1/admin/products/:id', 'DELETE', 'DELETE admin / products / [id]', NULL, 'f', NULL, 1, '2026-01-05 10:01:57.979+08', '2026-01-05 10:01:57.979+08', NULL);
INSERT INTO "public"."api_permissions" ("id", "path", "method", "name", "description", "is_public", "group_id", "status", "created_at", "updated_at", "deleted_at") VALUES (150, '/api/v1/admin/products/:id', 'GET', 'GET admin / products / [id]', NULL, 'f', NULL, 1, '2026-01-05 10:01:57.98+08', '2026-01-05 10:01:57.98+08', NULL);
INSERT INTO "public"."api_permissions" ("id", "path", "method", "name", "description", "is_public", "group_id", "status", "created_at", "updated_at", "deleted_at") VALUES (151, '/api/v1/admin/products/:id', 'PUT', 'PUT admin / products / [id]', NULL, 'f', NULL, 1, '2026-01-05 10:01:57.981+08', '2026-01-05 10:01:57.981+08', NULL);
INSERT INTO "public"."api_permissions" ("id", "path", "method", "name", "description", "is_public", "group_id", "status", "created_at", "updated_at", "deleted_at") VALUES (152, '/api/v1/admin/products/[id]/status', 'PATCH', 'PATCH admin / products / [id] / status', NULL, 'f', NULL, 1, '2026-01-05 10:01:57.982+08', '2026-01-05 10:01:57.982+08', NULL);
INSERT INTO "public"."api_permissions" ("id", "path", "method", "name", "description", "is_public", "group_id", "status", "created_at", "updated_at", "deleted_at") VALUES (153, '/api/v1/admin/menu-routers', 'GET', 'GET admin / menu routers', NULL, 'f', NULL, 1, '2026-01-05 11:26:09.451+08', '2026-01-05 11:26:09.451+08', NULL);
INSERT INTO "public"."api_permissions" ("id", "path", "method", "name", "description", "is_public", "group_id", "status", "created_at", "updated_at", "deleted_at") VALUES (154, '/api/v1/admin/routers/:id', 'DELETE', 'DELETE admin / routers / [id]', NULL, 'f', NULL, 1, '2026-01-05 11:26:09.453+08', '2026-01-05 11:26:09.453+08', NULL);
INSERT INTO "public"."api_permissions" ("id", "path", "method", "name", "description", "is_public", "group_id", "status", "created_at", "updated_at", "deleted_at") VALUES (155, '/api/v1/admin/routers/:id', 'PUT', 'PUT admin / routers / [id]', NULL, 'f', NULL, 1, '2026-01-05 11:26:09.454+08', '2026-01-05 11:26:09.454+08', NULL);

-- 角色 API
INSERT INTO "public"."role_api_permissions" ("id", "role_id", "permission_id", "created_at", "updated_at", "deleted_at") VALUES (1, 1, 82, '2025-12-31 12:18:01.178+08', '2025-12-31 12:18:01.178+08', NULL);
INSERT INTO "public"."role_api_permissions" ("id", "role_id", "permission_id", "created_at", "updated_at", "deleted_at") VALUES (2, 1, 1, '2025-12-31 12:18:01.178+08', '2025-12-31 12:18:01.178+08', NULL);
INSERT INTO "public"."role_api_permissions" ("id", "role_id", "permission_id", "created_at", "updated_at", "deleted_at") VALUES (3, 1, 27, '2025-12-31 12:18:01.178+08', '2025-12-31 12:18:01.178+08', NULL);
INSERT INTO "public"."role_api_permissions" ("id", "role_id", "permission_id", "created_at", "updated_at", "deleted_at") VALUES (4, 1, 28, '2025-12-31 12:18:01.178+08', '2025-12-31 12:18:01.178+08', NULL);
INSERT INTO "public"."role_api_permissions" ("id", "role_id", "permission_id", "created_at", "updated_at", "deleted_at") VALUES (5, 1, 29, '2025-12-31 12:18:01.178+08', '2025-12-31 12:18:01.178+08', NULL);
INSERT INTO "public"."role_api_permissions" ("id", "role_id", "permission_id", "created_at", "updated_at", "deleted_at") VALUES (6, 1, 30, '2025-12-31 12:18:01.178+08', '2025-12-31 12:18:01.178+08', NULL);
INSERT INTO "public"."role_api_permissions" ("id", "role_id", "permission_id", "created_at", "updated_at", "deleted_at") VALUES (7, 1, 31, '2025-12-31 12:18:01.178+08', '2025-12-31 12:18:01.178+08', NULL);
INSERT INTO "public"."role_api_permissions" ("id", "role_id", "permission_id", "created_at", "updated_at", "deleted_at") VALUES (8, 1, 32, '2025-12-31 12:18:01.178+08', '2025-12-31 12:18:01.178+08', NULL);
INSERT INTO "public"."role_api_permissions" ("id", "role_id", "permission_id", "created_at", "updated_at", "deleted_at") VALUES (9, 1, 33, '2025-12-31 12:18:01.178+08', '2025-12-31 12:18:01.178+08', NULL);
INSERT INTO "public"."role_api_permissions" ("id", "role_id", "permission_id", "created_at", "updated_at", "deleted_at") VALUES (10, 1, 34, '2025-12-31 12:18:01.178+08', '2025-12-31 12:18:01.178+08', NULL);
INSERT INTO "public"."role_api_permissions" ("id", "role_id", "permission_id", "created_at", "updated_at", "deleted_at") VALUES (11, 1, 35, '2025-12-31 12:18:01.178+08', '2025-12-31 12:18:01.178+08', NULL);
INSERT INTO "public"."role_api_permissions" ("id", "role_id", "permission_id", "created_at", "updated_at", "deleted_at") VALUES (12, 1, 36, '2025-12-31 12:18:01.178+08', '2025-12-31 12:18:01.178+08', NULL);
INSERT INTO "public"."role_api_permissions" ("id", "role_id", "permission_id", "created_at", "updated_at", "deleted_at") VALUES (13, 1, 37, '2025-12-31 12:18:01.178+08', '2025-12-31 12:18:01.178+08', NULL);
INSERT INTO "public"."role_api_permissions" ("id", "role_id", "permission_id", "created_at", "updated_at", "deleted_at") VALUES (14, 1, 38, '2025-12-31 12:18:01.178+08', '2025-12-31 12:18:01.178+08', NULL);
INSERT INTO "public"."role_api_permissions" ("id", "role_id", "permission_id", "created_at", "updated_at", "deleted_at") VALUES (15, 1, 40, '2025-12-31 12:18:01.178+08', '2025-12-31 12:18:01.178+08', NULL);
INSERT INTO "public"."role_api_permissions" ("id", "role_id", "permission_id", "created_at", "updated_at", "deleted_at") VALUES (16, 1, 41, '2025-12-31 12:18:01.178+08', '2025-12-31 12:18:01.178+08', NULL);
INSERT INTO "public"."role_api_permissions" ("id", "role_id", "permission_id", "created_at", "updated_at", "deleted_at") VALUES (17, 1, 39, '2025-12-31 12:18:01.178+08', '2025-12-31 12:18:01.178+08', NULL);
INSERT INTO "public"."role_api_permissions" ("id", "role_id", "permission_id", "created_at", "updated_at", "deleted_at") VALUES (18, 1, 42, '2025-12-31 12:18:01.178+08', '2025-12-31 12:18:01.178+08', NULL);
INSERT INTO "public"."role_api_permissions" ("id", "role_id", "permission_id", "created_at", "updated_at", "deleted_at") VALUES (19, 1, 43, '2025-12-31 12:18:01.178+08', '2025-12-31 12:18:01.178+08', NULL);
INSERT INTO "public"."role_api_permissions" ("id", "role_id", "permission_id", "created_at", "updated_at", "deleted_at") VALUES (20, 1, 44, '2025-12-31 12:18:01.178+08', '2025-12-31 12:18:01.178+08', NULL);
INSERT INTO "public"."role_api_permissions" ("id", "role_id", "permission_id", "created_at", "updated_at", "deleted_at") VALUES (21, 1, 45, '2025-12-31 12:18:01.178+08', '2025-12-31 12:18:01.178+08', NULL);
INSERT INTO "public"."role_api_permissions" ("id", "role_id", "permission_id", "created_at", "updated_at", "deleted_at") VALUES (22, 1, 46, '2025-12-31 12:18:01.178+08', '2025-12-31 12:18:01.178+08', NULL);
INSERT INTO "public"."role_api_permissions" ("id", "role_id", "permission_id", "created_at", "updated_at", "deleted_at") VALUES (23, 1, 47, '2025-12-31 12:18:01.178+08', '2025-12-31 12:18:01.178+08', NULL);
INSERT INTO "public"."role_api_permissions" ("id", "role_id", "permission_id", "created_at", "updated_at", "deleted_at") VALUES (24, 1, 48, '2025-12-31 12:18:01.178+08', '2025-12-31 12:18:01.178+08', NULL);
INSERT INTO "public"."role_api_permissions" ("id", "role_id", "permission_id", "created_at", "updated_at", "deleted_at") VALUES (25, 1, 49, '2025-12-31 12:18:01.178+08', '2025-12-31 12:18:01.178+08', NULL);
INSERT INTO "public"."role_api_permissions" ("id", "role_id", "permission_id", "created_at", "updated_at", "deleted_at") VALUES (26, 1, 50, '2025-12-31 12:18:01.178+08', '2025-12-31 12:18:01.178+08', NULL);
INSERT INTO "public"."role_api_permissions" ("id", "role_id", "permission_id", "created_at", "updated_at", "deleted_at") VALUES (27, 1, 51, '2025-12-31 12:18:01.178+08', '2025-12-31 12:18:01.178+08', NULL);
INSERT INTO "public"."role_api_permissions" ("id", "role_id", "permission_id", "created_at", "updated_at", "deleted_at") VALUES (28, 1, 52, '2025-12-31 12:18:01.178+08', '2025-12-31 12:18:01.178+08', NULL);
INSERT INTO "public"."role_api_permissions" ("id", "role_id", "permission_id", "created_at", "updated_at", "deleted_at") VALUES (29, 1, 53, '2025-12-31 12:18:01.178+08', '2025-12-31 12:18:01.178+08', NULL);
INSERT INTO "public"."role_api_permissions" ("id", "role_id", "permission_id", "created_at", "updated_at", "deleted_at") VALUES (30, 1, 54, '2025-12-31 12:18:01.178+08', '2025-12-31 12:18:01.178+08', NULL);
INSERT INTO "public"."role_api_permissions" ("id", "role_id", "permission_id", "created_at", "updated_at", "deleted_at") VALUES (31, 1, 55, '2025-12-31 12:18:01.178+08', '2025-12-31 12:18:01.178+08', NULL);
INSERT INTO "public"."role_api_permissions" ("id", "role_id", "permission_id", "created_at", "updated_at", "deleted_at") VALUES (32, 1, 56, '2025-12-31 12:18:01.178+08', '2025-12-31 12:18:01.178+08', NULL);
INSERT INTO "public"."role_api_permissions" ("id", "role_id", "permission_id", "created_at", "updated_at", "deleted_at") VALUES (33, 1, 57, '2025-12-31 12:18:01.178+08', '2025-12-31 12:18:01.178+08', NULL);
INSERT INTO "public"."role_api_permissions" ("id", "role_id", "permission_id", "created_at", "updated_at", "deleted_at") VALUES (34, 1, 58, '2025-12-31 12:18:01.178+08', '2025-12-31 12:18:01.178+08', NULL);
INSERT INTO "public"."role_api_permissions" ("id", "role_id", "permission_id", "created_at", "updated_at", "deleted_at") VALUES (35, 1, 59, '2025-12-31 12:18:01.178+08', '2025-12-31 12:18:01.178+08', NULL);
INSERT INTO "public"."role_api_permissions" ("id", "role_id", "permission_id", "created_at", "updated_at", "deleted_at") VALUES (36, 1, 60, '2025-12-31 12:18:01.178+08', '2025-12-31 12:18:01.178+08', NULL);
INSERT INTO "public"."role_api_permissions" ("id", "role_id", "permission_id", "created_at", "updated_at", "deleted_at") VALUES (37, 1, 61, '2025-12-31 12:18:01.178+08', '2025-12-31 12:18:01.178+08', NULL);
INSERT INTO "public"."role_api_permissions" ("id", "role_id", "permission_id", "created_at", "updated_at", "deleted_at") VALUES (38, 1, 62, '2025-12-31 12:18:01.178+08', '2025-12-31 12:18:01.178+08', NULL);
INSERT INTO "public"."role_api_permissions" ("id", "role_id", "permission_id", "created_at", "updated_at", "deleted_at") VALUES (39, 1, 63, '2025-12-31 12:18:01.178+08', '2025-12-31 12:18:01.178+08', NULL);
INSERT INTO "public"."role_api_permissions" ("id", "role_id", "permission_id", "created_at", "updated_at", "deleted_at") VALUES (40, 1, 64, '2025-12-31 12:18:01.178+08', '2025-12-31 12:18:01.178+08', NULL);
INSERT INTO "public"."role_api_permissions" ("id", "role_id", "permission_id", "created_at", "updated_at", "deleted_at") VALUES (41, 1, 65, '2025-12-31 12:18:01.178+08', '2025-12-31 12:18:01.178+08', NULL);
INSERT INTO "public"."role_api_permissions" ("id", "role_id", "permission_id", "created_at", "updated_at", "deleted_at") VALUES (42, 1, 66, '2025-12-31 12:18:01.178+08', '2025-12-31 12:18:01.178+08', NULL);
INSERT INTO "public"."role_api_permissions" ("id", "role_id", "permission_id", "created_at", "updated_at", "deleted_at") VALUES (43, 1, 67, '2025-12-31 12:18:01.178+08', '2025-12-31 12:18:01.178+08', NULL);
INSERT INTO "public"."role_api_permissions" ("id", "role_id", "permission_id", "created_at", "updated_at", "deleted_at") VALUES (44, 1, 68, '2025-12-31 12:18:01.178+08', '2025-12-31 12:18:01.178+08', NULL);
INSERT INTO "public"."role_api_permissions" ("id", "role_id", "permission_id", "created_at", "updated_at", "deleted_at") VALUES (45, 1, 69, '2025-12-31 12:18:01.178+08', '2025-12-31 12:18:01.178+08', NULL);
INSERT INTO "public"."role_api_permissions" ("id", "role_id", "permission_id", "created_at", "updated_at", "deleted_at") VALUES (46, 1, 70, '2025-12-31 12:18:01.178+08', '2025-12-31 12:18:01.178+08', NULL);
INSERT INTO "public"."role_api_permissions" ("id", "role_id", "permission_id", "created_at", "updated_at", "deleted_at") VALUES (47, 1, 71, '2025-12-31 12:18:01.178+08', '2025-12-31 12:18:01.178+08', NULL);
INSERT INTO "public"."role_api_permissions" ("id", "role_id", "permission_id", "created_at", "updated_at", "deleted_at") VALUES (48, 1, 72, '2025-12-31 12:18:01.178+08', '2025-12-31 12:18:01.178+08', NULL);
INSERT INTO "public"."role_api_permissions" ("id", "role_id", "permission_id", "created_at", "updated_at", "deleted_at") VALUES (49, 1, 73, '2025-12-31 12:18:01.178+08', '2025-12-31 12:18:01.178+08', NULL);
INSERT INTO "public"."role_api_permissions" ("id", "role_id", "permission_id", "created_at", "updated_at", "deleted_at") VALUES (50, 1, 74, '2025-12-31 12:18:01.178+08', '2025-12-31 12:18:01.178+08', NULL);
INSERT INTO "public"."role_api_permissions" ("id", "role_id", "permission_id", "created_at", "updated_at", "deleted_at") VALUES (51, 1, 75, '2025-12-31 12:18:01.178+08', '2025-12-31 12:18:01.178+08', NULL);
INSERT INTO "public"."role_api_permissions" ("id", "role_id", "permission_id", "created_at", "updated_at", "deleted_at") VALUES (52, 1, 76, '2025-12-31 12:18:01.178+08', '2025-12-31 12:18:01.178+08', NULL);
INSERT INTO "public"."role_api_permissions" ("id", "role_id", "permission_id", "created_at", "updated_at", "deleted_at") VALUES (53, 1, 77, '2025-12-31 12:18:01.178+08', '2025-12-31 12:18:01.178+08', NULL);
INSERT INTO "public"."role_api_permissions" ("id", "role_id", "permission_id", "created_at", "updated_at", "deleted_at") VALUES (54, 1, 78, '2025-12-31 12:18:01.178+08', '2025-12-31 12:18:01.178+08', NULL);
INSERT INTO "public"."role_api_permissions" ("id", "role_id", "permission_id", "created_at", "updated_at", "deleted_at") VALUES (55, 1, 79, '2025-12-31 12:18:01.178+08', '2025-12-31 12:18:01.178+08', NULL);
INSERT INTO "public"."role_api_permissions" ("id", "role_id", "permission_id", "created_at", "updated_at", "deleted_at") VALUES (56, 1, 80, '2025-12-31 12:18:01.178+08', '2025-12-31 12:18:01.178+08', NULL);
INSERT INTO "public"."role_api_permissions" ("id", "role_id", "permission_id", "created_at", "updated_at", "deleted_at") VALUES (57, 1, 81, '2025-12-31 12:18:01.178+08', '2025-12-31 12:18:01.178+08', NULL);
INSERT INTO "public"."role_api_permissions" ("id", "role_id", "permission_id", "created_at", "updated_at", "deleted_at") VALUES (58, 2, 1, '2025-12-31 12:17:29.402+08', '2025-12-31 12:17:29.402+08', NULL);
INSERT INTO "public"."role_api_permissions" ("id", "role_id", "permission_id", "created_at", "updated_at", "deleted_at") VALUES (59, 2, 27, '2025-12-31 12:17:29.402+08', '2025-12-31 12:17:29.402+08', NULL);
INSERT INTO "public"."role_api_permissions" ("id", "role_id", "permission_id", "created_at", "updated_at", "deleted_at") VALUES (60, 2, 28, '2025-12-31 12:17:29.402+08', '2025-12-31 12:17:29.402+08', NULL);
INSERT INTO "public"."role_api_permissions" ("id", "role_id", "permission_id", "created_at", "updated_at", "deleted_at") VALUES (61, 2, 29, '2025-12-31 12:17:29.402+08', '2025-12-31 12:17:29.402+08', NULL);
INSERT INTO "public"."role_api_permissions" ("id", "role_id", "permission_id", "created_at", "updated_at", "deleted_at") VALUES (62, 2, 30, '2025-12-31 12:17:29.402+08', '2025-12-31 12:17:29.402+08', NULL);
INSERT INTO "public"."role_api_permissions" ("id", "role_id", "permission_id", "created_at", "updated_at", "deleted_at") VALUES (63, 2, 31, '2025-12-31 12:17:29.402+08', '2025-12-31 12:17:29.402+08', NULL);
INSERT INTO "public"."role_api_permissions" ("id", "role_id", "permission_id", "created_at", "updated_at", "deleted_at") VALUES (64, 2, 32, '2025-12-31 12:17:29.402+08', '2025-12-31 12:17:29.402+08', NULL);
INSERT INTO "public"."role_api_permissions" ("id", "role_id", "permission_id", "created_at", "updated_at", "deleted_at") VALUES (65, 2, 33, '2025-12-31 12:17:29.402+08', '2025-12-31 12:17:29.402+08', NULL);
INSERT INTO "public"."role_api_permissions" ("id", "role_id", "permission_id", "created_at", "updated_at", "deleted_at") VALUES (66, 2, 34, '2025-12-31 12:17:29.402+08', '2025-12-31 12:17:29.402+08', NULL);
INSERT INTO "public"."role_api_permissions" ("id", "role_id", "permission_id", "created_at", "updated_at", "deleted_at") VALUES (67, 2, 35, '2025-12-31 12:17:29.402+08', '2025-12-31 12:17:29.402+08', NULL);
INSERT INTO "public"."role_api_permissions" ("id", "role_id", "permission_id", "created_at", "updated_at", "deleted_at") VALUES (68, 2, 36, '2025-12-31 12:17:29.402+08', '2025-12-31 12:17:29.402+08', NULL);
INSERT INTO "public"."role_api_permissions" ("id", "role_id", "permission_id", "created_at", "updated_at", "deleted_at") VALUES (69, 2, 37, '2025-12-31 12:17:29.402+08', '2025-12-31 12:17:29.402+08', NULL);
INSERT INTO "public"."role_api_permissions" ("id", "role_id", "permission_id", "created_at", "updated_at", "deleted_at") VALUES (70, 2, 38, '2025-12-31 12:17:29.402+08', '2025-12-31 12:17:29.402+08', NULL);
INSERT INTO "public"."role_api_permissions" ("id", "role_id", "permission_id", "created_at", "updated_at", "deleted_at") VALUES (71, 2, 40, '2025-12-31 12:17:29.402+08', '2025-12-31 12:17:29.402+08', NULL);
INSERT INTO "public"."role_api_permissions" ("id", "role_id", "permission_id", "created_at", "updated_at", "deleted_at") VALUES (72, 2, 41, '2025-12-31 12:17:29.402+08', '2025-12-31 12:17:29.402+08', NULL);
INSERT INTO "public"."role_api_permissions" ("id", "role_id", "permission_id", "created_at", "updated_at", "deleted_at") VALUES (73, 2, 39, '2025-12-31 12:17:29.402+08', '2025-12-31 12:17:29.402+08', NULL);
INSERT INTO "public"."role_api_permissions" ("id", "role_id", "permission_id", "created_at", "updated_at", "deleted_at") VALUES (74, 2, 42, '2025-12-31 12:17:29.402+08', '2025-12-31 12:17:29.402+08', NULL);
INSERT INTO "public"."role_api_permissions" ("id", "role_id", "permission_id", "created_at", "updated_at", "deleted_at") VALUES (75, 2, 43, '2025-12-31 12:17:29.402+08', '2025-12-31 12:17:29.402+08', NULL);
INSERT INTO "public"."role_api_permissions" ("id", "role_id", "permission_id", "created_at", "updated_at", "deleted_at") VALUES (76, 2, 44, '2025-12-31 12:17:29.402+08', '2025-12-31 12:17:29.402+08', NULL);
INSERT INTO "public"."role_api_permissions" ("id", "role_id", "permission_id", "created_at", "updated_at", "deleted_at") VALUES (77, 2, 45, '2025-12-31 12:17:29.402+08', '2025-12-31 12:17:29.402+08', NULL);
INSERT INTO "public"."role_api_permissions" ("id", "role_id", "permission_id", "created_at", "updated_at", "deleted_at") VALUES (78, 2, 46, '2025-12-31 12:17:29.402+08', '2025-12-31 12:17:29.402+08', NULL);
INSERT INTO "public"."role_api_permissions" ("id", "role_id", "permission_id", "created_at", "updated_at", "deleted_at") VALUES (79, 2, 47, '2025-12-31 12:17:29.402+08', '2025-12-31 12:17:29.402+08', NULL);
INSERT INTO "public"."role_api_permissions" ("id", "role_id", "permission_id", "created_at", "updated_at", "deleted_at") VALUES (80, 2, 48, '2025-12-31 12:17:29.402+08', '2025-12-31 12:17:29.402+08', NULL);
INSERT INTO "public"."role_api_permissions" ("id", "role_id", "permission_id", "created_at", "updated_at", "deleted_at") VALUES (81, 2, 49, '2025-12-31 12:17:29.402+08', '2025-12-31 12:17:29.402+08', NULL);
INSERT INTO "public"."role_api_permissions" ("id", "role_id", "permission_id", "created_at", "updated_at", "deleted_at") VALUES (82, 2, 50, '2025-12-31 12:17:29.402+08', '2025-12-31 12:17:29.402+08', NULL);
INSERT INTO "public"."role_api_permissions" ("id", "role_id", "permission_id", "created_at", "updated_at", "deleted_at") VALUES (83, 2, 51, '2025-12-31 12:17:29.402+08', '2025-12-31 12:17:29.402+08', NULL);
INSERT INTO "public"."role_api_permissions" ("id", "role_id", "permission_id", "created_at", "updated_at", "deleted_at") VALUES (84, 2, 52, '2025-12-31 12:17:29.402+08', '2025-12-31 12:17:29.402+08', NULL);
INSERT INTO "public"."role_api_permissions" ("id", "role_id", "permission_id", "created_at", "updated_at", "deleted_at") VALUES (85, 2, 53, '2025-12-31 12:17:29.402+08', '2025-12-31 12:17:29.402+08', NULL);
INSERT INTO "public"."role_api_permissions" ("id", "role_id", "permission_id", "created_at", "updated_at", "deleted_at") VALUES (86, 2, 54, '2025-12-31 12:17:29.402+08', '2025-12-31 12:17:29.402+08', NULL);
INSERT INTO "public"."role_api_permissions" ("id", "role_id", "permission_id", "created_at", "updated_at", "deleted_at") VALUES (87, 2, 55, '2025-12-31 12:17:29.402+08', '2025-12-31 12:17:29.402+08', NULL);
INSERT INTO "public"."role_api_permissions" ("id", "role_id", "permission_id", "created_at", "updated_at", "deleted_at") VALUES (88, 2, 56, '2025-12-31 12:17:29.402+08', '2025-12-31 12:17:29.402+08', NULL);
INSERT INTO "public"."role_api_permissions" ("id", "role_id", "permission_id", "created_at", "updated_at", "deleted_at") VALUES (89, 2, 57, '2025-12-31 12:17:29.402+08', '2025-12-31 12:17:29.402+08', NULL);
INSERT INTO "public"."role_api_permissions" ("id", "role_id", "permission_id", "created_at", "updated_at", "deleted_at") VALUES (90, 2, 58, '2025-12-31 12:17:29.402+08', '2025-12-31 12:17:29.402+08', NULL);
INSERT INTO "public"."role_api_permissions" ("id", "role_id", "permission_id", "created_at", "updated_at", "deleted_at") VALUES (91, 2, 59, '2025-12-31 12:17:29.402+08', '2025-12-31 12:17:29.402+08', NULL);
INSERT INTO "public"."role_api_permissions" ("id", "role_id", "permission_id", "created_at", "updated_at", "deleted_at") VALUES (92, 2, 60, '2025-12-31 12:17:29.402+08', '2025-12-31 12:17:29.402+08', NULL);
INSERT INTO "public"."role_api_permissions" ("id", "role_id", "permission_id", "created_at", "updated_at", "deleted_at") VALUES (93, 2, 61, '2025-12-31 12:17:29.402+08', '2025-12-31 12:17:29.402+08', NULL);
INSERT INTO "public"."role_api_permissions" ("id", "role_id", "permission_id", "created_at", "updated_at", "deleted_at") VALUES (94, 2, 62, '2025-12-31 12:17:29.402+08', '2025-12-31 12:17:29.402+08', NULL);
INSERT INTO "public"."role_api_permissions" ("id", "role_id", "permission_id", "created_at", "updated_at", "deleted_at") VALUES (95, 2, 63, '2025-12-31 12:17:29.402+08', '2025-12-31 12:17:29.402+08', NULL);
INSERT INTO "public"."role_api_permissions" ("id", "role_id", "permission_id", "created_at", "updated_at", "deleted_at") VALUES (96, 2, 64, '2025-12-31 12:17:29.402+08', '2025-12-31 12:17:29.402+08', NULL);
INSERT INTO "public"."role_api_permissions" ("id", "role_id", "permission_id", "created_at", "updated_at", "deleted_at") VALUES (97, 2, 65, '2025-12-31 12:17:29.402+08', '2025-12-31 12:17:29.402+08', NULL);
INSERT INTO "public"."role_api_permissions" ("id", "role_id", "permission_id", "created_at", "updated_at", "deleted_at") VALUES (98, 2, 66, '2025-12-31 12:17:29.402+08', '2025-12-31 12:17:29.402+08', NULL);
INSERT INTO "public"."role_api_permissions" ("id", "role_id", "permission_id", "created_at", "updated_at", "deleted_at") VALUES (99, 2, 67, '2025-12-31 12:17:29.402+08', '2025-12-31 12:17:29.402+08', NULL);
INSERT INTO "public"."role_api_permissions" ("id", "role_id", "permission_id", "created_at", "updated_at", "deleted_at") VALUES (100, 2, 68, '2025-12-31 12:17:29.402+08', '2025-12-31 12:17:29.402+08', NULL);
INSERT INTO "public"."role_api_permissions" ("id", "role_id", "permission_id", "created_at", "updated_at", "deleted_at") VALUES (101, 2, 69, '2025-12-31 12:17:29.402+08', '2025-12-31 12:17:29.402+08', NULL);
INSERT INTO "public"."role_api_permissions" ("id", "role_id", "permission_id", "created_at", "updated_at", "deleted_at") VALUES (102, 2, 70, '2025-12-31 12:17:29.402+08', '2025-12-31 12:17:29.402+08', NULL);
INSERT INTO "public"."role_api_permissions" ("id", "role_id", "permission_id", "created_at", "updated_at", "deleted_at") VALUES (103, 2, 71, '2025-12-31 12:17:29.402+08', '2025-12-31 12:17:29.402+08', NULL);
INSERT INTO "public"."role_api_permissions" ("id", "role_id", "permission_id", "created_at", "updated_at", "deleted_at") VALUES (104, 2, 72, '2025-12-31 12:17:29.402+08', '2025-12-31 12:17:29.402+08', NULL);
INSERT INTO "public"."role_api_permissions" ("id", "role_id", "permission_id", "created_at", "updated_at", "deleted_at") VALUES (105, 2, 73, '2025-12-31 12:17:29.402+08', '2025-12-31 12:17:29.402+08', NULL);
INSERT INTO "public"."role_api_permissions" ("id", "role_id", "permission_id", "created_at", "updated_at", "deleted_at") VALUES (106, 2, 74, '2025-12-31 12:17:29.402+08', '2025-12-31 12:17:29.402+08', NULL);
INSERT INTO "public"."role_api_permissions" ("id", "role_id", "permission_id", "created_at", "updated_at", "deleted_at") VALUES (107, 2, 75, '2025-12-31 12:17:29.402+08', '2025-12-31 12:17:29.402+08', NULL);
INSERT INTO "public"."role_api_permissions" ("id", "role_id", "permission_id", "created_at", "updated_at", "deleted_at") VALUES (108, 2, 76, '2025-12-31 12:17:29.402+08', '2025-12-31 12:17:29.402+08', NULL);
INSERT INTO "public"."role_api_permissions" ("id", "role_id", "permission_id", "created_at", "updated_at", "deleted_at") VALUES (109, 2, 77, '2025-12-31 12:17:29.402+08', '2025-12-31 12:17:29.402+08', NULL);
INSERT INTO "public"."role_api_permissions" ("id", "role_id", "permission_id", "created_at", "updated_at", "deleted_at") VALUES (110, 2, 78, '2025-12-31 12:17:29.402+08', '2025-12-31 12:17:29.402+08', NULL);
INSERT INTO "public"."role_api_permissions" ("id", "role_id", "permission_id", "created_at", "updated_at", "deleted_at") VALUES (111, 2, 79, '2025-12-31 12:17:29.402+08', '2025-12-31 12:17:29.402+08', NULL);
INSERT INTO "public"."role_api_permissions" ("id", "role_id", "permission_id", "created_at", "updated_at", "deleted_at") VALUES (112, 2, 80, '2025-12-31 12:17:29.402+08', '2025-12-31 12:17:29.402+08', NULL);
INSERT INTO "public"."role_api_permissions" ("id", "role_id", "permission_id", "created_at", "updated_at", "deleted_at") VALUES (113, 2, 81, '2025-12-31 12:17:29.402+08', '2025-12-31 12:17:29.402+08', NULL);
INSERT INTO "public"."role_api_permissions" ("id", "role_id", "permission_id", "created_at", "updated_at", "deleted_at") VALUES (114, 2, 82, '2025-12-31 12:17:29.402+08', '2025-12-31 12:17:29.402+08', NULL);
INSERT INTO "public"."role_api_permissions" ("id", "role_id", "permission_id", "created_at", "updated_at", "deleted_at") VALUES (115, 2, 83, '2025-12-31 12:17:29.402+08', '2025-12-31 12:17:29.402+08', NULL);
INSERT INTO "public"."role_api_permissions" ("id", "role_id", "permission_id", "created_at", "updated_at", "deleted_at") VALUES (116, 2, 84, '2025-12-31 12:17:29.402+08', '2025-12-31 12:17:29.402+08', NULL);
INSERT INTO "public"."role_api_permissions" ("id", "role_id", "permission_id", "created_at", "updated_at", "deleted_at") VALUES (117, 2, 85, '2025-12-31 12:17:29.402+08', '2025-12-31 12:17:29.402+08', NULL);
INSERT INTO "public"."role_api_permissions" ("id", "role_id", "permission_id", "created_at", "updated_at", "deleted_at") VALUES (118, 2, 86, '2025-12-31 12:17:29.402+08', '2025-12-31 12:17:29.402+08', NULL);
INSERT INTO "public"."role_api_permissions" ("id", "role_id", "permission_id", "created_at", "updated_at", "deleted_at") VALUES (119, 2, 87, '2025-12-31 12:17:29.402+08', '2025-12-31 12:17:29.402+08', NULL);
INSERT INTO "public"."role_api_permissions" ("id", "role_id", "permission_id", "created_at", "updated_at", "deleted_at") VALUES (120, 1, 90, '2026-01-03 08:09:25.69+08', '2026-01-03 08:09:25.69+08', NULL);
INSERT INTO "public"."role_api_permissions" ("id", "role_id", "permission_id", "created_at", "updated_at", "deleted_at") VALUES (121, 1, 91, '2026-01-03 08:09:25.69+08', '2026-01-03 08:09:25.69+08', NULL);
INSERT INTO "public"."role_api_permissions" ("id", "role_id", "permission_id", "created_at", "updated_at", "deleted_at") VALUES (122, 2, 92, '2026-01-03 08:09:25.69+08', '2026-01-03 08:09:25.69+08', NULL);
INSERT INTO "public"."role_api_permissions" ("id", "role_id", "permission_id", "created_at", "updated_at", "deleted_at") VALUES (123, 2, 93, '2026-01-03 08:09:25.69+08', '2026-01-03 08:09:25.69+08', NULL);
INSERT INTO "public"."role_api_permissions" ("id", "role_id", "permission_id", "created_at", "updated_at", "deleted_at") VALUES (124, 2, 94, '2026-01-03 08:09:25.69+08', '2026-01-03 08:09:25.69+08', NULL);
INSERT INTO "public"."role_api_permissions" ("id", "role_id", "permission_id", "created_at", "updated_at", "deleted_at") VALUES (125, 2, 95, '2026-01-03 08:09:25.69+08', '2026-01-03 08:09:25.69+08', NULL);
INSERT INTO "public"."role_api_permissions" ("id", "role_id", "permission_id", "created_at", "updated_at", "deleted_at") VALUES (126, 2, 96, '2026-01-03 08:09:25.69+08', '2026-01-03 08:09:25.69+08', NULL);
INSERT INTO "public"."role_api_permissions" ("id", "role_id", "permission_id", "created_at", "updated_at", "deleted_at") VALUES (127, 2, 97, '2026-01-03 08:09:25.69+08', '2026-01-03 08:09:25.69+08', NULL);
INSERT INTO "public"."role_api_permissions" ("id", "role_id", "permission_id", "created_at", "updated_at", "deleted_at") VALUES (128, 2, 98, '2026-01-03 08:09:25.69+08', '2026-01-03 08:09:25.69+08', NULL);
INSERT INTO "public"."role_api_permissions" ("id", "role_id", "permission_id", "created_at", "updated_at", "deleted_at") VALUES (129, 2, 99, '2026-01-03 08:09:25.69+08', '2026-01-03 08:09:25.69+08', NULL);
INSERT INTO "public"."role_api_permissions" ("id", "role_id", "permission_id", "created_at", "updated_at", "deleted_at") VALUES (130, 2, 100, '2026-01-03 08:09:25.69+08', '2026-01-03 08:09:25.69+08', NULL);
INSERT INTO "public"."role_api_permissions" ("id", "role_id", "permission_id", "created_at", "updated_at", "deleted_at") VALUES (131, 2, 101, '2026-01-03 08:09:25.69+08', '2026-01-03 08:09:25.69+08', NULL);
INSERT INTO "public"."role_api_permissions" ("id", "role_id", "permission_id", "created_at", "updated_at", "deleted_at") VALUES (132, 2, 102, '2026-01-03 08:09:25.69+08', '2026-01-03 08:09:25.69+08', NULL);

-- 权益
INSERT INTO "public"."benefits" ("id", "name", "description", "status", "created_at", "updated_at", "deleted_at", "code", "consumption_mode", "default_value", "unit_type") VALUES (1, '云盘空间', '用户可用的云盘存储空间', 1, '2026-01-03 15:16:52.495291+08', '2026-01-03 15:16:52.495291+08', NULL, 'storage_space', 'sum', 104857600, 'byte');

-- 会员权益
INSERT INTO "public"."membership_benefits" ("id", "level_id", "benefit_id", "created_at", "updated_at", "deleted_at", "benefit_value") VALUES (1, 1, 1, '2026-01-03 15:16:52.502893+08', '2026-01-03 15:16:52.502893+08', NULL, 104857600);
INSERT INTO "public"."membership_benefits" ("id", "level_id", "benefit_id", "created_at", "updated_at", "deleted_at", "benefit_value") VALUES (2, 2, 1, '2026-01-03 15:16:52.502893+08', '2026-01-03 15:16:52.502893+08', NULL, 1073741824);
INSERT INTO "public"."membership_benefits" ("id", "level_id", "benefit_id", "created_at", "updated_at", "deleted_at", "benefit_value") VALUES (3, 3, 1, '2026-01-03 15:16:52.502893+08', '2026-01-03 15:16:52.502893+08', NULL, 5368709120);

-- 模型供应商
INSERT INTO "public"."model_providers" ("id", "name", "base_url", "description", "created_at", "updated_at", "deleted_at") VALUES (1, 'DeepSeek', 'https://api.deepseek.com', 'DeepSeek官方', '2026-01-05 07:05:31.283+08', '2026-01-05 07:05:31.283+08', NULL);
INSERT INTO "public"."model_providers" ("id", "name", "base_url", "description", "created_at", "updated_at", "deleted_at") VALUES (2, 'siliconflow', 'https://api.siliconflow.cn', '硅基流动', '2026-01-05 07:06:01.998+08', '2026-01-05 07:06:01.998+08', NULL);
INSERT INTO "public"."model_providers" ("id", "name", "base_url", "description", "created_at", "updated_at", "deleted_at") VALUES (3, 'openrouter', 'https://openrouter.ai/api/v1', 'openrouter', '2026-01-05 07:06:23.367+08', '2026-01-05 07:06:23.367+08', NULL);
INSERT INTO "public"."model_providers" ("id", "name", "base_url", "description", "created_at", "updated_at", "deleted_at") VALUES (4, 'bailian', 'https://dashscope.aliyuncs.com/compatible-mode/v1', '阿里百炼', '2026-01-05 07:06:42.098+08', '2026-01-05 07:06:42.098+08', NULL);
INSERT INTO "public"."model_providers" ("id", "name", "base_url", "description", "created_at", "updated_at", "deleted_at") VALUES (5, 'huoshan', 'https://ark.cn-beijing.volces.com/api/v3', '火山引擎', '2026-01-05 07:07:09.459+08', '2026-01-05 07:07:09.459+08', NULL);
INSERT INTO "public"."model_providers" ("id", "name", "base_url", "description", "created_at", "updated_at", "deleted_at") VALUES (6, 'zhipu', 'https://open.bigmodel.cn/api/paas/v4', '智谱', '2026-01-05 07:07:24.412+08', '2026-01-05 07:07:24.412+08', NULL);
INSERT INTO "public"."model_providers" ("id", "name", "base_url", "description", "created_at", "updated_at", "deleted_at") VALUES (7, 'moonshot', 'https://api.moonshot.cn/v1', '月之暗面', '2026-01-05 07:07:39.292+08', '2026-01-05 07:07:39.292+08', NULL);

-- 模型 apikey
INSERT INTO "public"."model_api_keys" ("id", "provider_id", "name", "api_key", "is_default", "status", "daily_limit", "monthly_limit", "created_at", "updated_at", "deleted_at") VALUES (1, 1, 'DeepSeek', 'sk-62418816f329463b8608cab7851fe4da', 't', 1, NULL, NULL, '2026-01-05 07:09:05.368+08', '2026-01-05 07:09:05.368+08', NULL);
INSERT INTO "public"."model_api_keys" ("id", "provider_id", "name", "api_key", "is_default", "status", "daily_limit", "monthly_limit", "created_at", "updated_at", "deleted_at") VALUES (2, 2, 'siliconflow', 'sk-ltmxpphtpcrkmkqekedmwbeimktrylnmhgatjkwarbayggbp', 't', 1, NULL, NULL, '2026-01-05 07:09:33.498+08', '2026-01-05 07:09:33.498+08', NULL);
INSERT INTO "public"."model_api_keys" ("id", "provider_id", "name", "api_key", "is_default", "status", "daily_limit", "monthly_limit", "created_at", "updated_at", "deleted_at") VALUES (3, 3, 'openrouter', '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', 't', 1, NULL, NULL, '2026-01-05 07:09:48.15+08', '2026-01-05 07:09:48.15+08', NULL);
INSERT INTO "public"."model_api_keys" ("id", "provider_id", "name", "api_key", "is_default", "status", "daily_limit", "monthly_limit", "created_at", "updated_at", "deleted_at") VALUES (4, 4, 'bailian', 'sk-e6bf4c958f0743b09d4dac074211a8be', 't', 1, NULL, NULL, '2026-01-05 07:10:17.486+08', '2026-01-05 07:10:17.486+08', NULL);
INSERT INTO "public"."model_api_keys" ("id", "provider_id", "name", "api_key", "is_default", "status", "daily_limit", "monthly_limit", "created_at", "updated_at", "deleted_at") VALUES (5, 5, '火山', '8fb1db12-3b98-4bb7-94d2-2a1a66f71a19', 't', 1, NULL, NULL, '2026-01-05 07:10:43.589+08', '2026-01-05 07:10:43.589+08', NULL);
INSERT INTO "public"."model_api_keys" ("id", "provider_id", "name", "api_key", "is_default", "status", "daily_limit", "monthly_limit", "created_at", "updated_at", "deleted_at") VALUES (6, 6, '智谱', 'e68ad43b23f54120aec20330555497ff.GyyJ6YCAhfkz2FpA', 't', 1, NULL, NULL, '2026-01-05 07:11:02.157+08', '2026-01-05 07:11:02.157+08', NULL);
INSERT INTO "public"."model_api_keys" ("id", "provider_id", "name", "api_key", "is_default", "status", "daily_limit", "monthly_limit", "created_at", "updated_at", "deleted_at") VALUES (7, 7, '月之暗面', 'sk-l3j8vDrK49b69TLDbPCdjcsDeiYbg0Qk1D7KOYEKT6CZKfzD', 't', 1, NULL, NULL, '2026-01-05 07:11:14.385+08', '2026-01-05 07:11:14.385+08', NULL);

-- 模型
INSERT INTO "public"."models" ("id", "provider_id", "name", "display_name", "model_type", "model_version", "context_window", "dimensions", "batch_size", "is_default", "status", "priority", "input_cost_per_million_tokens", "output_cost_per_million_tokens", "created_at", "updated_at", "deleted_at") VALUES (1, 1, 'deepseek-chat', 'DeepSeek V3', 'chat', NULL, NULL, NULL, NULL, 'f', 1, 10, NULL, NULL, '2026-01-05 15:18:33+08', '2026-01-05 15:18:33+08', NULL);
INSERT INTO "public"."models" ("id", "provider_id", "name", "display_name", "model_type", "model_version", "context_window", "dimensions", "batch_size", "is_default", "status", "priority", "input_cost_per_million_tokens", "output_cost_per_million_tokens", "created_at", "updated_at", "deleted_at") VALUES (2, 1, 'deepseek-reasoner', 'DeepSeek R1', 'chat', NULL, NULL, NULL, NULL, 't', 1, 20, NULL, NULL, '2026-01-05 15:18:33+08', '2026-01-05 15:18:33+08', NULL);
INSERT INTO "public"."models" ("id", "provider_id", "name", "display_name", "model_type", "model_version", "context_window", "dimensions", "batch_size", "is_default", "status", "priority", "input_cost_per_million_tokens", "output_cost_per_million_tokens", "created_at", "updated_at", "deleted_at") VALUES (3, 2, 'Pro/deepseek-ai/DeepSeek-V3', 'DeepSeek-V3 (Pro)', 'chat', NULL, NULL, NULL, NULL, 'f', 1, 30, NULL, NULL, '2026-01-05 15:18:33+08', '2026-01-05 15:18:33+08', NULL);
INSERT INTO "public"."models" ("id", "provider_id", "name", "display_name", "model_type", "model_version", "context_window", "dimensions", "batch_size", "is_default", "status", "priority", "input_cost_per_million_tokens", "output_cost_per_million_tokens", "created_at", "updated_at", "deleted_at") VALUES (4, 2, 'Pro/deepseek-ai/DeepSeek-R1', 'DeepSeek V3 (Pro)', 'chat', NULL, NULL, NULL, NULL, 'f', 1, 40, NULL, NULL, '2026-01-05 15:18:33+08', '2026-01-05 15:18:33+08', NULL);
INSERT INTO "public"."models" ("id", "provider_id", "name", "display_name", "model_type", "model_version", "context_window", "dimensions", "batch_size", "is_default", "status", "priority", "input_cost_per_million_tokens", "output_cost_per_million_tokens", "created_at", "updated_at", "deleted_at") VALUES (5, 3, 'deepseek/deepseek-chat-v3-0324:free', 'DeepSeek-V3-0324', 'chat', NULL, NULL, NULL, NULL, 'f', 1, 50, NULL, NULL, '2026-01-05 15:18:33+08', '2026-01-05 15:18:33+08', NULL);
INSERT INTO "public"."models" ("id", "provider_id", "name", "display_name", "model_type", "model_version", "context_window", "dimensions", "batch_size", "is_default", "status", "priority", "input_cost_per_million_tokens", "output_cost_per_million_tokens", "created_at", "updated_at", "deleted_at") VALUES (6, 3, 'deepseek/deepseek-r1:free', 'DeepSeek: R1 (free)', 'chat', NULL, NULL, NULL, NULL, 'f', 1, 60, NULL, NULL, '2026-01-05 15:18:33+08', '2026-01-05 15:18:33+08', NULL);
INSERT INTO "public"."models" ("id", "provider_id", "name", "display_name", "model_type", "model_version", "context_window", "dimensions", "batch_size", "is_default", "status", "priority", "input_cost_per_million_tokens", "output_cost_per_million_tokens", "created_at", "updated_at", "deleted_at") VALUES (7, 4, 'text-embedding-v2', 'text-embedding-v2', 'embedding', NULL, NULL, NULL, NULL, 'f', 1, 70, NULL, NULL, '2026-01-05 15:18:33+08', '2026-01-05 15:18:33+08', NULL);
INSERT INTO "public"."models" ("id", "provider_id", "name", "display_name", "model_type", "model_version", "context_window", "dimensions", "batch_size", "is_default", "status", "priority", "input_cost_per_million_tokens", "output_cost_per_million_tokens", "created_at", "updated_at", "deleted_at") VALUES (8, 5, 'deepseek-r1-250120', 'deepseek-r1-250120', 'chat', NULL, NULL, NULL, NULL, 'f', 1, 80, NULL, NULL, '2026-01-05 15:18:33+08', '2026-01-05 15:18:33+08', NULL);
INSERT INTO "public"."models" ("id", "provider_id", "name", "display_name", "model_type", "model_version", "context_window", "dimensions", "batch_size", "is_default", "status", "priority", "input_cost_per_million_tokens", "output_cost_per_million_tokens", "created_at", "updated_at", "deleted_at") VALUES (9, 5, 'doubao-1.5-pro-256k-250115', 'doubao-1.5-pro-256k-250115', 'chat', NULL, NULL, NULL, NULL, 'f', 1, 90, NULL, NULL, '2026-01-05 15:18:33+08', '2026-01-05 15:18:33+08', NULL);
INSERT INTO "public"."models" ("id", "provider_id", "name", "display_name", "model_type", "model_version", "context_window", "dimensions", "batch_size", "is_default", "status", "priority", "input_cost_per_million_tokens", "output_cost_per_million_tokens", "created_at", "updated_at", "deleted_at") VALUES (10, 4, 'qwen-turbo-latest', '通义千问-Plus-Latest', 'chat', NULL, NULL, NULL, NULL, 'f', 1, 100, NULL, NULL, '2026-01-05 15:18:33+08', '2026-01-05 15:18:33+08', NULL);
INSERT INTO "public"."models" ("id", "provider_id", "name", "display_name", "model_type", "model_version", "context_window", "dimensions", "batch_size", "is_default", "status", "priority", "input_cost_per_million_tokens", "output_cost_per_million_tokens", "created_at", "updated_at", "deleted_at") VALUES (11, 5, 'deepseek-v3-250324', 'deepseek-v3-250324', 'chat', NULL, NULL, NULL, NULL, 'f', 1, 110, NULL, NULL, '2026-01-05 15:18:33+08', '2026-01-05 15:18:33+08', NULL);
INSERT INTO "public"."models" ("id", "provider_id", "name", "display_name", "model_type", "model_version", "context_window", "dimensions", "batch_size", "is_default", "status", "priority", "input_cost_per_million_tokens", "output_cost_per_million_tokens", "created_at", "updated_at", "deleted_at") VALUES (12, 4, 'text-embedding-v4', 'text-embedding-v4', 'embedding', NULL, NULL, NULL, NULL, 't', 1, 120, NULL, NULL, '2026-01-05 15:18:33+08', '2026-01-05 15:18:33+08', NULL);
INSERT INTO "public"."models" ("id", "provider_id", "name", "display_name", "model_type", "model_version", "context_window", "dimensions", "batch_size", "is_default", "status", "priority", "input_cost_per_million_tokens", "output_cost_per_million_tokens", "created_at", "updated_at", "deleted_at") VALUES (13, 5, 'doubao-seed-1-6-flash-250715', 'doubao-seed-1-6-flash-250715', 'chat', NULL, NULL, NULL, NULL, 'f', 1, 130, NULL, NULL, '2026-01-05 15:18:33+08', '2026-01-05 15:18:33+08', NULL);
INSERT INTO "public"."models" ("id", "provider_id", "name", "display_name", "model_type", "model_version", "context_window", "dimensions", "batch_size", "is_default", "status", "priority", "input_cost_per_million_tokens", "output_cost_per_million_tokens", "created_at", "updated_at", "deleted_at") VALUES (14, 7, 'kimi-k2-0711-preview', 'kimi-k2-0711-preview', 'chat', NULL, NULL, NULL, NULL, 'f', 1, 140, NULL, NULL, '2026-01-05 15:18:33+08', '2026-01-05 15:18:33+08', NULL);
INSERT INTO "public"."models" ("id", "provider_id", "name", "display_name", "model_type", "model_version", "context_window", "dimensions", "batch_size", "is_default", "status", "priority", "input_cost_per_million_tokens", "output_cost_per_million_tokens", "created_at", "updated_at", "deleted_at") VALUES (15, 5, 'doubao-seed-1-6-thinking-250715', 'doubao-seed-1-6-thinking-250715', 'chat', NULL, NULL, NULL, NULL, 'f', 1, 150, NULL, NULL, '2026-01-05 15:18:33+08', '2026-01-05 15:18:33+08', NULL);

-- 重置所有序列，确保新插入的记录不会与种子数据冲突
-- Reset all sequences to avoid ID conflicts with seed data
SELECT setval('users_id_seq', (SELECT COALESCE(MAX(id), 0) FROM users) + 1, false);
SELECT setval('roles_id_seq', (SELECT COALESCE(MAX(id), 0) FROM roles) + 1, false);
SELECT setval('user_roles_id_seq', (SELECT COALESCE(MAX(id), 0) FROM user_roles) + 1, false);
SELECT setval('user_encryptions_id_seq', (SELECT COALESCE(MAX(id), 0) FROM user_encryptions) + 1, false);
SELECT setval('router_groups_id_seq', (SELECT COALESCE(MAX(id), 0) FROM router_groups) + 1, false);
SELECT setval('routers_id_seq', (SELECT COALESCE(MAX(id), 0) FROM routers) + 1, false);
SELECT setval('role_routers_id_seq', (SELECT COALESCE(MAX(id), 0) FROM role_routers) + 1, false);
SELECT setval('membership_levels_id_seq', (SELECT COALESCE(MAX(id), 0) FROM membership_levels) + 1, false);
SELECT setval('products_id_seq', (SELECT COALESCE(MAX(id), 0) FROM products) + 1, false);
SELECT setval('campaigns_id_seq', (SELECT COALESCE(MAX(id), 0) FROM campaigns) + 1, false);
SELECT setval('api_permission_groups_id_seq', (SELECT COALESCE(MAX(id), 0) FROM api_permission_groups) + 1, false);
SELECT setval('api_permissions_id_seq', (SELECT COALESCE(MAX(id), 0) FROM api_permissions) + 1, false);
SELECT setval('role_api_permissions_id_seq', (SELECT COALESCE(MAX(id), 0) FROM role_api_permissions) + 1, false);
SELECT setval('benefits_id_seq', (SELECT COALESCE(MAX(id), 0) FROM benefits) + 1, false);
SELECT setval('membership_benefits_id_seq', (SELECT COALESCE(MAX(id), 0) FROM membership_benefits) + 1, false);
SELECT setval('model_providers_id_seq', (SELECT COALESCE(MAX(id), 0) FROM model_providers) + 1, false);
SELECT setval('model_api_keys_id_seq', (SELECT COALESCE(MAX(id), 0) FROM model_api_keys) + 1, false);
SELECT setval('models_id_seq', (SELECT COALESCE(MAX(id), 0) FROM models) + 1, false);


-- 积分消耗项目（案件分析相关）
-- 材料处理分组
INSERT INTO "public"."point_consumption_items" ("id", "group", "name", "description", "unit", "point_amount", "status", "discount", "created_at", "updated_at", "deleted_at") VALUES (1, 'material', 'pdf_parse', 'PDF 文档解析', '页', 1, 1, 1.00, NOW(), NOW(), NULL);
INSERT INTO "public"."point_consumption_items" ("id", "group", "name", "description", "unit", "point_amount", "status", "discount", "created_at", "updated_at", "deleted_at") VALUES (2, 'material', 'asr_transcribe', '语音识别转录', '分钟', 1, 1, 0.30, NOW(), NOW(), NULL);
INSERT INTO "public"."point_consumption_items" ("id", "group", "name", "description", "unit", "point_amount", "status", "discount", "created_at", "updated_at", "deleted_at") VALUES (3, 'material', 'ocr_recognize', '图片文字识别', '张', 1, 1, 1.00, NOW(), NOW(), NULL);

-- 分析模块分组
INSERT INTO "public"."point_consumption_items" ("id", "group", "name", "description", "unit", "point_amount", "status", "discount", "created_at", "updated_at", "deleted_at") VALUES (4, 'analysisModules', 'title', '提取案件标题', '次', 0, 1, 1.00, NOW(), NOW(), NULL);
INSERT INTO "public"."point_consumption_items" ("id", "group", "name", "description", "unit", "point_amount", "status", "discount", "created_at", "updated_at", "deleted_at") VALUES (5, 'analysisModules', 'summary', '生成案件概要', '次', 3, 1, 1.00, NOW(), NOW(), NULL);
INSERT INTO "public"."point_consumption_items" ("id", "group", "name", "description", "unit", "point_amount", "status", "discount", "created_at", "updated_at", "deleted_at") VALUES (6, 'analysisModules', 'chronicle', '提取案件大事记', '次', 2, 1, 1.00, NOW(), NOW(), NULL);
INSERT INTO "public"."point_consumption_items" ("id", "group", "name", "description", "unit", "point_amount", "status", "discount", "created_at", "updated_at", "deleted_at") VALUES (7, 'analysisModules', 'claim', '预分析案件请求权', '次', 9, 1, 0.70, NOW(), NOW(), NULL);
INSERT INTO "public"."point_consumption_items" ("id", "group", "name", "description", "unit", "point_amount", "status", "discount", "created_at", "updated_at", "deleted_at") VALUES (8, 'analysisModules', 'cause', '预选案由', '次', 9, 1, 0.70, NOW(), NOW(), NULL);
INSERT INTO "public"."point_consumption_items" ("id", "group", "name", "description", "unit", "point_amount", "status", "discount", "created_at", "updated_at", "deleted_at") VALUES (9, 'analysisModules', 'trend', '法律合理性审查和判决趋势预测', '次', 9, 1, 0.70, NOW(), NOW(), NULL);
INSERT INTO "public"."point_consumption_items" ("id", "group", "name", "description", "unit", "point_amount", "status", "discount", "created_at", "updated_at", "deleted_at") VALUES (10, 'analysisModules', 'defense', '抗辩分析及应对策略预测', '次', 5, 1, 1.00, NOW(), NOW(), NULL);
INSERT INTO "public"."point_consumption_items" ("id", "group", "name", "description", "unit", "point_amount", "status", "discount", "created_at", "updated_at", "deleted_at") VALUES (11, 'analysisModules', 'evidence', '证据清单预梳理', '次', 7, 1, 0.70, NOW(), NOW(), NULL);

-- 重置序列
SELECT setval('point_consumption_items_id_seq', (SELECT MAX(id) FROM point_consumption_items));
